character_name,star_rarity,region,vision,arkhe,weapon_type,release_date,model,constellation,birthday,special_dish,affiliation,limited,voice_en,voice_cn,voice_jp,voice_kr,ascension_specialty,ascension_boss_material,ascension_material_0-2,ascension_material_2-4,ascension_material_4-6,ascension_gem_0-1,ascension_gem_1-3,ascension_gem_3-5,ascension_gem_5-6,talent_material_1-2,talent_material_2-6,talent_material_6-10,talent_book_1-2,talent_book_2-3,talent_book_3-4,talent_book_4-5,talent_book_5-6,talent_book_6-7,talent_book_7-8,talent_book_8-9,talent_book_9-10,talent_weekly,hp_90_90,atk_90_90,def_90_90,hp_80_90,atk_80_90,def_80_90,hp_80_80,atk_80_80,def_80_80,hp_70_80,atk_70_80,def_70_80,hp_70_70,atk_70_70,def_70_70,hp_60_70,atk_60_70,def_60_70,hp_60_60,atk_60_60,def_60_60,hp_50_60,atk_50_60,def_50_60,hp_50_50,atk_50_50,def_50_50,hp_40_50,atk_40_50,def_40_50,hp_40_40,atk_40_40,def_40_40,hp_20_40,atk_20_40,def_20_40,hp_20_20,atk_20_20,def_20_20,hp_1_20,atk_1_20,def_1_20,ascension_special_stat,special_0,special_1,special_2,special_3,special_4,special_5,special_6
Albedo,5,Mondstadt,Geo,,Sword,2020-12-23,Medium Male,Princeps Cretaceus,13-Sep,Woodland Dream,"Knights of Favonius (on profile), Yae Publishing House (as Calx)",TRUE,Khoi Dao,Mace,Kenji Nojima (野島健児),Kim Myung-jun (김명준),Cecilia,Basalt Pillar,Divining Scroll,Sealed Scroll,Forbidden Curse Scroll,Prithiva Topaz Sliver,Prithiva Topaz Fragment,Prithiva Topaz Chunk,Prithiva Topaz Gemstone,Divining Scroll,Sealed Scroll,Forbidden Curse Scroll,Teachings of Ballad,Guide to Ballad,Guide to Ballad,Guide to Ballad,Guide to Ballad,Philosophies of Ballad,Philosophies of Ballad,Philosophies of Ballad,Philosophies of Ballad,Tusk of Monoceros Caeli,13226,251,876,12296,233,815,11669,222,773,10746,204,712,10119,192,670,9207,175,610,8579,163,568,7675,146,508,6839,130,453,5944,113,394,5317,101,352,3554,68,235,2671,51,177,1030,20,68,Geo DMG Bonus,0.00%,0.00%,7.20%,14.40%,14.40%,21.60%,28.80%
Alhaitham,5,Sumeru,Dendro,,Sword,2023-01-18,Tall Male,Vultur Volans,11-Feb,Ideal Circumstance,"Sumeru Akademiya (on profile), Haravatat (graduate)",TRUE,Nazeeh Tarsha,Yang Chaoran (杨超然),Umehara Yuuichirou (梅原 裕一郎),Jun Seung Hwa (전승화),Sand Grease Pupa,Pseudo-Stamens,Faded Red Satin,Trimmed Red Silk,Rich Red Brocade,Nagadus Emerald Sliver,Nagadus Emerald Fragment,Nagadus Emerald Chunk,Nagadus Emerald Gemstone,Faded Red Satin,Trimmed Red Silk,Rich Red Brocade,Teachings of Ingenuity,Guide to Ingenuity,Guide to Ingenuity,Guide to Ingenuity,Guide to Ingenuity,Philosophies of Ingenuity,Philosophies of Ingenuity,Philosophies of Ingenuity,Philosophies of Ingenuity,Mirror of Mushin,13348,313,781,12409,291,726,11776,276,689,10845,254,635,10212,239,598,9291,218,544,8658,203,507,7746,181,453,6902,162,404,5999,140,351,5366,125,314,3586,84,210,2695,63,157,1039,24,60,Dendro DMG Bonus,0.00%,0.00%,7.20%,14.40%,14.40%,21.60%,28.80%
Aloy,5,,Cryo,,Bow,2021-09-01,Medium Female,Nora Fortis,04-Apr,Satiety Gel,"Wandering Heroine (on profile), Adventurers' Guild",,Giselle Fernandez,Mufei (沐霏),Ayahi Takagaki (高垣 彩陽),Jo Hyeon-jeong (조현정),Crystal Marrow,Crystalline Bloom,Spectral Husk,Spectral Heart,Spectral Nucleus,Shivada Jade Sliver,Shivada Jade Fragment,Shivada Jade Chunk,Shivada Jade Gemstone,Spectral Husk,Spectral Heart,Spectral Nucleus,Teachings of Freedom,Guide to Freedom,Guide to Freedom,Guide to Freedom,Guide to Freedom,Philosophies of Freedom,Philosophies of Freedom,Philosophies of Freedom,Philosophies of Freedom,Molten Moment,10899,234,676,10133,217,629,9616,206,597,8856,190,550,8339,179,517,7587,163,471,7070,152,439,6325,136,393,5636,121,350,4899,105,304,4382,94,272,2928,63,182,2201,47,137,848,18,53,Cryo DMG Bonus,0.00%,0.00%,7.20%,14.40%,14.40%,21.60%,28.80%
Amber,4,Mondstadt,Pyro,,Bow,2020-09-28,Medium Female,Lepus,10-Aug,Outrider's Champion Steak!,Knights of Favonius,FALSE,Kelly Baskin,Shujin Cai (蔡书瑾),Manaka Iwami (石見舞菜香),Kim Yeon-woo (김연우),Small Lamp Grass,Everflame Seed,Firm Arrowhead,Sharp Arrowhead,Weathered Arrowhead,Agnidus Agate Sliver, Agnidus Agate Fragment,Agnidus Agate Chunk,Agnidus Agate Gemstone,Firm Arrowhead,Sharp Arrowhead,Weathered Arrowhead,Teachings of Freedom,Guide to Freedom,Guide to Freedom,Guide to Freedom,Guide to Freedom,Philosophies of Freedom,Philosophies of Freedom,Philosophies of Freedom,Philosophies of Freedom,Dvalin's Sigh,9461,223,601,8806,208,559,8385,198,532,7730,182,491,7309,172,464,6654,157,422,6233,147,396,5578,131,354,5016,118,318,4361,103,277,3940,93,250,2630,62,167,2038,48,129,793,19,50,ATK,0.00%,0.00%,6.00%,12.00%,12.00%,18.00%,24.00%
Arataki Itto,5,Inazuma,Geo,,Claymore,2021-12-14,Tall Male,Taurus Iracundus,01-Jun,Way of the Strong,Arataki Gang,TRUE,Max Mittelman,Zhaokun Liu (刘照坤),Takanori Nishikawa (西川貴教),Song Joon-seok (송준석),Onikabuto,Riftborn Regalia,Slime Condensate,Slime Secretions,Slime Concentrate,Prithiva Topaz Sliver,Prithiva Topaz Fragment,Prithiva Topaz Chunk,Prithiva Topaz Gemstone,Slime Condensate,Slime Secretions,Slime Concentrate,Teachings of Elegance,Guide to Elegance,Guide to Elegance,Guide to Elegance,Guide to Elegance,Philosophies of Elegance,Philosophies of Elegance,Philosophies of Elegance,Philosophies of Elegance,Ashen Heart,12858,227,959,11954,211,892,11345,199,846,10448,185,779,9838,174,734,8951,158,668,8341,147,622,7462,132,557,6649,117,496,5779,102,431,5170,91,386,3455,61,258,2597,46,194,1001,18,75,CRIT Rate,0.00%,0.00%,4.80%,9.60%,9.60%,14.40%,19.20%
Arlecchino,5,Snezhnaya,Pyro,,Polearm,2024-04-24,Tall Female,Ignis Purgatorius,22-Aug,Hearthfire's Trail,"Fatui (on profile), House of the Hearth, Eleven Fatui Harbingers",TRUE,Erin Yvette,Huang Ying (黄莺),Mori Nanako (森なな子),Lee Myung-hee (이명희),Rainbow Rose,Fragment of a Golden Melody,Recruit's Insignia,Sergeant's Insignia,Lieutenant's Insignia,Agnidus Agate Sliver, Agnidus Agate Fragment,Agnidus Agate Chunk,Agnidus Agate Gemstone,Recruit's Insignia,Sergeant's Insignia,Lieutenant's Insignia,Teachings of Order,Guide to Order,Guide to Order,Guide to Order,Guide to Order,Philosophies of Order,Philosophies of Order,Philosophies of Order,Philosophies of Order,Fading Candle,13103,342,765,12182,318,711,11561,302,675,10647,278,621,10025,262,585,9121,238,532,8500,222,496,7604,198,444,6776,177,395,5889,154,344,5268,138,307,3521,92,205,2646,69,154,1020,27,60,CRIT DMG,0.00%,0.00%,9.60%,19.20%,19.20%,28.80%,38.40%
Baizhu,5,Liyue,Dendro,,Catalyst,2023-05-02,Tall Male,Lagenaria,25-Apr,Heat-Quelling Soup,Bubu Pharmacy,TRUE,"Sean Durrie, Xanthe Huynh","Qin Qiege (秦且歌), Wang Xiaotong (王晓彤)","Yusa Koji (遊佐 浩二), Shoji Yui (庄子裕衣)","Lee Hosan (이호산), Jang Mi (장미)",Violetgrass,Evergloom Ring,Fungal Spores,Luminescent Pollen,Crystalline Cyst Dust,Nagadus Emerald Sliver,Nagadus Emerald Fragment,Nagadus Emerald Chunk,Nagadus Emerald Gemstone,Fungal Spores,Luminescent Pollen,Crystalline Cyst Dust,Teachings of Gold,Guide to Gold,Guide to Gold,Guide to Gold,Guide to Gold,Philosophies of Gold,Philosophies of Gold,Philosophies of Gold,Philosophies of Gold,Worldspan Fern,13348,192,499,12409,179,464,11776,169,440,10845,156,405,10212,147,382,9291,134,347,8658,124,324,7746,111,289,6902,99,258,5999,86,224,5366,77,200,3586,51,134,2695,38,100,1039,14,38,HP,0.00%,0.00%,7.20%,14.40%,14.40%,21.60%,28.80%
Barbara,4,Mondstadt,Hydro,,Catalyst,2020-09-28,Medium Female,Crater,05-Jul,Spicy Stew,Church of Favonius,FALSE,Laura Stahl,Yuanyuan Song (宋媛媛),Akari Kitō (鬼頭明里),Yun Ah-yeong (윤아영),Philanemo Mushroom,Cleansing Heart,Divining Scroll,Sealed Scroll,Forbidden Curse Scroll,Varunada Lazurite Sliver,Varunada Lazurite Fragment,Varunada Lazurite Chunk,Varunada Lazurite Gemstone,Divining Scroll,Sealed Scroll,Forbidden Curse Scroll,Teachings of Freedom,Guide to Freedom,Guide to Freedom,Guide to Freedom,Guide to Freedom,Philosophies of Freedom,Philosophies of Freedom,Philosophies of Freedom,Philosophies of Freedom,Ring of Boreas,9787,159,669,9110,148,623,8674,141,593,7996,130,546,7561,123,517,6884,112,470,6448,105,441,5770,94,394,5189,84,355,4512,73,308,4076,66,279,2721,44,186,2108,34,144,821,13,56,HP,0.00%,0.00%,6.00%,12.00%,12.00%,18.00%,24.00%
Beidou,4,Liyue,Electro,,Claymore,2020-09-28,Tall Female,Victor Mare,14-Feb,Flash-Fried Filet,The Crux,FALSE,Allegra Clark,Yajing Tang (唐雅菁),Ami Koshimizu (小清水亜美),Jeong Yoo-mi (정유미),Noctilucous Jade,Lightning Prism,Treasure Hoarder Insignia,Silver Raven Insignia,Golden Raven Insignia,Vajrada Amethyst Sliver,Vajrada Amethyst Fragment,Vajrada Amethyst Chunk,Vajrada Amethyst Gemstone,Treasure Hoarder Insignia,Silver Raven Insignia,Golden Raven Insignia,Teachings of Gold,Guide to Gold,Guide to Gold,Guide to Gold,Guide to Gold,Philosophies of Gold,Philosophies of Gold,Philosophies of Gold,Philosophies of Gold,Dvalin's Sigh,13050,225,648,12146,210,603,11565,200,575,10662,184,530,10081,174,501,9178,158,456,8597,148,427,7694,133,382,6919,119,344,6015,104,299,5435,94,270,3628,63,180,2811,48,140,1094,19,54,Electro DMG Bonus,0.00%,0.00%,6.00%,12.00%,12.00%,18.00%,24.00%
Bennett,4,Mondstadt,Pyro,,Sword,2020-09-28,Medium Male,Rota Calamitas,01-Feb,Teyvat Charred Egg,"Adventurers' Guild (on profile), Benny's Adventure Team",FALSE,Cristina Vee Valenzuela,Xueting Mu (穆雪婷),Ryōta Ōsaka (逢坂良太),Song Ha-rim (송하림),Windwheel Aster,Everflame Seed,Treasure Hoarder Insignia,Silver Raven Insignia,Golden Raven Insignia,Agnidus Agate Sliver, Agnidus Agate Fragment,Agnidus Agate Chunk,Agnidus Agate Gemstone,Treasure Hoarder Insignia,Silver Raven Insignia,Golden Raven Insignia,Teachings of Resistance,Guide to Resistance,Guide to Resistance,Guide to Resistance,Guide to Resistance,Philosophies of Resistance,Philosophies of Resistance,Philosophies of Resistance,Philosophies of Resistance,Dvalin's Plume,12397,191,771,11539,178,718,10987,169,684,10129,156,630,9577,148,596,8719,134,542,8168,126,508,7309,113,455,6573,101,409,5715,88,356,5163,80,321,3447,53,214,2670,41,166,1039,16,65,Energy Recharge,0.00%,0.00%,6.70%,13.30%,13.30%,20.00%,26.70%
Candace,4,Sumeru,Hydro,,Polearm,2022-09-28,Tall Female,Sagitta Scutum,03-May,Utmost Care,Aaru Village,FALSE,Shara Kirby,Zhang Qi (张琦),Yuzuki Ryoka (柚木 涼香),Jeon Yeongsu (전영수),Redcrest,Light Guiding Tetrahedron,Faded Red Satin,Trimmed Red Silk,Rich Red Brocade,Varunada Lazurite Sliver,Varunada Lazurite Fragment,Varunada Lazurite Chunk,Varunada Lazurite Gemstone,Faded Red Satin,Trimmed Red Silk,Rich Red Brocade,Teachings of Admonition,Guide to Admonition,Guide to Admonition,Guide to Admonition,Guide to Admonition,Philosophies of Admonition,Philosophies of Admonition,Philosophies of Admonition,Philosophies of Admonition,Tears of the Calamitous God,10874,212,682,10121,197,635,9637,188,604,8884,173,557,8400,164,527,7648,149,480,7164,139,449,6411,125,402,5766,112,361,5012,97,314,4528,88,284,3023,59,189,2342,45,147,911,17,57,HP,0.00%,0.00%,6.00%,12.00%,12.00%,18.00%,24.00%
Charlotte,4,Fontaine,Cryo,Pneuma,Catalyst,2023-11-08,Medium Female,Hualina Veritas,10-Apr,Exclusive Scoop: Gourmet Column,The Steambird,FALSE,Maya Aoki Tuttle,Ruan Congqing (阮从青),Waki Azumi (和氣あず未),Shin On-yu (신온유),Beryl Conch,"""Tourbillon Device""",Meshing Gear,Mechanical Spur Gear,Artificed Dynamic Gear,Shivada Jade Sliver,Shivada Jade Fragment,Shivada Jade Chunk,Shivada Jade Gemstone,Meshing Gear,Mechanical Spur Gear,Artificed Dynamic Gear,Teachings of Justice,Guide to Justice,Guide to Justice,Guide to Justice,Guide to Justice,Philosophies of Justice,Philosophies of Justice,Philosophies of Justice,Philosophies of Justice,Lightless Silk String,10766,173,546,10020,161,508,9541,153,483,8795,141,446,8316,133,421,7571,121,384,7092,114,359,6347,102,321,5708,91,289,4962,79,251,4483,72,227,2993,48,151,2318,37,117,902,14,45,ATK,0.00%,0.00%,6.00%,12.00%,12.00%,18.00%,24.00%
Chevreuse,4,Fontaine,Pyro,Ousia,Polearm,2024-01-09,Medium Female,Sclopetum Ensiferum,10-Jan,Sin: The Kind that Doesn't Need to be Dealt With,Special Security and Surveillance Patrol,FALSE,Erica Lindbeck,Pan Danni (潘丹妮),Shimoji Shino (下地紫野),Chae Min-ji (채민지),Lumidouce Bell,Fontemer Unihorn,Meshing Gear,Mechanical Spur Gear,Artificed Dynamic Gear,Agnidus Agate Sliver, Agnidus Agate Fragment,Agnidus Agate Chunk,Agnidus Agate Gemstone,Meshing Gear,Mechanical Spur Gear,Artificed Dynamic Gear,Teachings of Order,Guide to Order,Guide to Order,Guide to Order,Guide to Order,Philosophies of Order,Philosophies of Order,Philosophies of Order,Philosophies of Order,Lightless Eye of the Maelstrom,11962,193,605,11134,180,563,10602,171,536,9773,158,494,9241,149,467,8413,136,425,7881,127,398,7052,114,357,6343,102,321,5514,89,279,4982,80,252,3326,54,168,2577,42,130,1003,16,51,HP,0.00%,0.00%,6.00%,12.00%,12.00%,18.00%,24.00%
Chiori,5,Inazuma,Geo,,Sword,2024-03-13,Medium Female,Cisoria,17-Aug,"""Fashion Show""","Court of Fontaine (on profile), Chioriya Boutique",TRUE,Brittany Lauda,Chen Yang (陈阳),Taketatsu Ayana (竹達彩奈),Lee Da-eun (이다은),Dendrobium,Artificed Spare Clockwork Component — Coppelia,Spectral Husk,Spectral Heart,Spectral Nucleus,Prithiva Topaz Sliver,Prithiva Topaz Fragment,Prithiva Topaz Chunk,Prithiva Topaz Gemstone,Spectral Husk,Spectral Heart,Spectral Nucleus,Teachings of Light,Guide to Light,Guide to Light,Guide to Light,Guide to Light,Philosophies of Light,Philosophies of Light,Philosophies of Light,Philosophies of Light,Lightless Silk String,11438,323,953,10634,300,886,10091,285,841,9293,262,774,8751,247,729,7962,225,663,7420,209,618,6638,187,553,5915,167,493,5141,145,428,4598,130,383,3073,87,256,2310,65,192,890,25,74,CRIT Rate,0.00%,0.00%,4.80%,9.60%,9.60%,14.40%,19.20%
Chongyun,4,Liyue,Cryo,,Claymore,2020-09-28,Medium Male,Nubis Caesor,07-Sep,Cold Noodles with Mountain Delicacies,Tianheng Thaumaturges,FALSE,Beau Bridgland,kinsen,Soma Saito (斉藤壮馬),Yang Jeong-hwa (양정화),Cor Lapis,Hoarfrost Core,Damaged Mask,Stained Mask,Ominous Mask,Shivada Jade Sliver,Shivada Jade Fragment,Shivada Jade Chunk,Shivada Jade Gemstone,Damaged Mask,Stained Mask,Ominous Mask,Teachings of Diligence,Guide to Diligence,Guide to Diligence,Guide to Diligence,Guide to Diligence,Philosophies of Diligence,Philosophies of Diligence,Philosophies of Diligence,Philosophies of Diligence,Dvalin's Sigh,10984,223,648,10223,208,603,9734,198,575,8974,182,530,8485,172,501,7725,157,456,7236,147,427,6475,131,382,5824,118,344,5063,103,299,4574,93,270,3054,62,180,2366,48,140,1003,19,54,ATK,0.00%,0.00%,6.00%,12.00%,12.00%,18.00%,24.00%
Clorinde,5,Fontaine,Electro,Ousia,Sword,2024-06-05,Tall Female,Rapperia,20-Sep,"""Tagged and Bagged""",Trial Court,TRUE,Crystal Lee,Zhao Hanyu (赵涵雨),Ishikawa Yui (石川由依),Shin Na-ri (신나리),Lumitoile,Fontemer Unihorn,Transoceanic Pearl,Transoceanic Chunk,Xenochromatic Crystal,Vajrada Amethyst Sliver,Vajrada Amethyst Fragment,Vajrada Amethyst Chunk,Vajrada Amethyst Gemstone,Transoceanic Pearl,Transoceanic Chunk,Xenochromatic Crystal,Teachings of Justice,Guide to Justice,Guide to Justice,Guide to Justice,Guide to Justice,Philosophies of Justice,Philosophies of Justice,Philosophies of Justice,Philosophies of Justice,Everamber,12956,337,784,12045,314,729,11431,298,692,10527,274,637,9913,258,600,9019,235,546,8405,219,509,7519,196,455,6700,174,405,5823,152,352,5209,136,315,3481,91,211,2616,68,158,1009,26,61,CRIT Rate,0.00%,0.00%,4.80%,9.60%,9.60%,14.40%,19.20%
Collei,4,Sumeru,Dendro,,Bow,2022-08-24,Medium Female,Leptailurus Cervarius,08-May,Yearning,"Gandharva Ville (on profile), Forest Rangers",FALSE,Christina Costello,Qin Wenjing (秦文静),Maekawa Ryoko (前川 涼子),Bang Siu (방시우),Rukkhashava Mushrooms,Majestic Hooked Beak,Firm Arrowhead,Sharp Arrowhead,Weathered Arrowhead,Nagadus Emerald Sliver,Nagadus Emerald Fragment,Nagadus Emerald Chunk,Nagadus Emerald Gemstone,Firm Arrowhead,Sharp Arrowhead,Weathered Arrowhead,Teachings of Praxis,Guide to Praxis,Guide to Praxis,Guide to Praxis,Guide to Praxis,Philosophies of Praxis,Philosophies of Praxis,Philosophies of Praxis,Philosophies of Praxis,Tears of the Calamitous God,9787,199,600,9109,185,559,8674,176,532,7996,163,490,7560,154,463,6883,140,422,6448,131,395,5770,117,354,5189,105,318,4511,92,276,4076,83,250,2721,55,166,2108,43,129,820,16,50,ATK,0.00%,0.00%,6.00%,12.00%,12.00%,18.00%,24.00%
Cyno,5,Sumeru,Electro,,Polearm,2022-09-28,Medium Male,Lupus Aureus,23-Jun,Duel Soul,"Temple of Silence (on profile), Matra, Spantamad (graduate)",TRUE,Alejandro Saab,Li Qingyang (李轻扬),Irino Miyu (入野 自由),Lee Woo-ri (이우리),Scarab,Thunderclap Fruitcore,Divining Scroll,Sealed Scroll,Forbidden Curse Scroll,Vajrada Amethyst Sliver,Vajrada Amethyst Fragment,Vajrada Amethyst Chunk,Vajrada Amethyst Gemstone,Divining Scroll,Sealed Scroll,Forbidden Curse Scroll,Teachings of Admonition,Guide to Admonition,Guide to Admonition,Guide to Admonition,Guide to Admonition,Philosophies of Admonition,Philosophies of Admonition,Philosophies of Admonition,Philosophies of Admonition,Mudra of the Malefic General,12490,318,859,11612,295,798,11020,280,758,10149,258,698,9556,243,657,8695,221,598,8102,206,557,7249,184,498,6459,164,444,5614,142,386,5021,127,345,3356,85,230,2522,64,173,972,21,66,CRIT DMG,0.00%,0.00%,9.60%,19.20%,19.20%,28.80%,38.40%
Dehya,5,Sumeru,Pyro,,Claymore,2023-03-01,Tall Female,Mantichora,07-Apr,Goldflame Tajine,"The Eremites (on profile), Blazing Beasts, Corps of Thirty (formerly)",FALSE,Amber May,Chen Yu (陈雨),Fukuhara Ayaka (福原綾香),Kim Hyeon-sim (김현심),Sand Grease Pupa,Light Guiding Tetrahedron,Faded Red Satin,Trimmed Red Silk,Rich Red Brocade,Agnidus Agate Sliver, Agnidus Agate Fragment,Agnidus Agate Chunk,Agnidus Agate Gemstone,Faded Red Satin,Trimmed Red Silk,Rich Red Brocade,Teachings of Praxis,Guide to Praxis,Guide to Praxis,Guide to Praxis,Guide to Praxis,Philosophies of Praxis,Philosophies of Praxis,Philosophies of Praxis,Philosophies of Praxis,Puppet Strings,15674,265,627,14572,246,583,13829,234,553,12736,215,510,11992,203,480,10911,184,437,10168,172,407,9096,154,364,8105,137,324,7045,119,282,6301,106,252,4211,71,168,3165,53,126,1220,20,48,HP,0.00%,0.00%,7.20%,14.40%,14.40%,21.60%,28.80%
Diluc,5,Mondstadt,Pyro,,Claymore,2020-09-28,Tall Male,Noctua,30-Apr,"""Once Upon a Time in Mondstadt""","Dawn Winery (on profile), Unnamed intelligence organization, Knights of Favonius (formerly)",FALSE,Sean Chiplock,Yang Ma (马洋),Kensho Ono (小野賢章),Choi Seung-hoon (최승훈),Small Lamp Grass,Everflame Seed,Recruit's Insignia,Sergeant's Insignia,Lieutenant's Insignia,Agnidus Agate Sliver, Agnidus Agate Fragment,Agnidus Agate Chunk,Agnidus Agate Gemstone,Recruit's Insignia,Sergeant's Insignia,Lieutenant's Insignia,Teachings of Resistance,Guide to Resistance,Guide to Resistance,Guide to Resistance,Guide to Resistance,Philosophies of Resistance,Philosophies of Resistance,Philosophies of Resistance,Philosophies of Resistance,Dvalin's Plume,12981,335,784,12068,311,729,11453,295,692,10547,272,637,9932,256,600,9036,233,546,8421,217,509,7533,194,455,6712,173,405,5834,151,352,5219,135,315,3488,90,211,2621,68,158,1011,26,61,CRIT Rate,0.00%,0.00%,4.80%,9.60%,9.60%,14.40%,19.20%
Diona,4,Mondstadt,Cryo,,Bow,2020-11-11,Short Female,Feles,18-Jan,Definitely Not Bar Food!,"The Cat's Tail (on profile), Kätzlein Bloodline",FALSE,Dina Sherman,Nuoya (诺亚),Shiori Izawa (井澤詩織),Woo Jeong-sin (우정신),Calla Lily,Hoarfrost Core,Firm Arrowhead,Sharp Arrowhead,Weathered Arrowhead,Shivada Jade Sliver,Shivada Jade Fragment,Shivada Jade Chunk,Shivada Jade Gemstone,Firm Arrowhead,Sharp Arrowhead,Weathered Arrowhead,Teachings of Freedom,Guide to Freedom,Guide to Freedom,Guide to Freedom,Guide to Freedom,Philosophies of Freedom,Philosophies of Freedom,Philosophies of Freedom,Philosophies of Freedom,Shard of a Foul Legacy,9570,212,601,8907,198,559,8481,188,532,7818,174,491,7393,164,464,6731,149,422,6305,140,396,5642,125,354,5074,113,318,4411,98,277,3985,88,250,2661,59,167,2061,46,129,802,18,50,Cryo DMG Bonus,0.00%,0.00%,6.00%,12.00%,12.00%,18.00%,24.00%
Dori,4,Sumeru,Electro,,Claymore,2022-09-09,Short Female,Magicae Lucerna,21-Dec,Show Me the Mora,The Palace of Alcazarzaray,FALSE,Anjali Kunapaneni,Wang Xiaotong (王晓彤),Kaneda Tomoko (金田朋子),Lee Myeong-ho (이명호),Kalpalata Lotus,Thunderclap Fruitcore,Faded Red Satin,Trimmed Red Silk,Rich Red Brocade,Vajrada Amethyst Sliver,Vajrada Amethyst Fragment,Vajrada Amethyst Chunk,Vajrada Amethyst Gemstone,Faded Red Satin,Trimmed Red Silk,Rich Red Brocade,Teachings of Ingenuity,Guide to Ingenuity,Guide to Ingenuity,Guide to Ingenuity,Guide to Ingenuity,Philosophies of Ingenuity,Philosophies of Ingenuity,Philosophies of Ingenuity,Philosophies of Ingenuity,Bloodjade Branch,12397,223,723,11538,207,673,10987,197,641,10128,182,591,9576,172,558,8719,156,508,8167,146,476,7308,131,426,6573,118,383,5714,102,333,5162,92,301,3446,62,201,2670,48,155,1039,18,60,HP,0.00%,0.00%,6.00%,12.00%,12.00%,18.00%,24.00%
Emilie,5,Fontaine,Dendro,Pneuma,Polearm,2024-08-06,Medium Female,Pomum de Ambra,22-Sep,A Fragrant Feast of Flavors,"Court of Fontaine (on profile), Maison Gardiennage (contractor)",TRUE,Amber Aviles,Muzi Cheng (木子橙),Hikasa Yoko (日笠陽子),Kwon Da-ye (권다예),Lakelight Lily,Fragment of a Golden Melody,Meshing Gear,Mechanical Spur Gear,Artificed Dynamic Gear,Nagadus Emerald Sliver,Nagadus Emerald Fragment,Nagadus Emerald Chunk,Nagadus Emerald Gemstone,Meshing Gear,Mechanical Spur Gear,Artificed Dynamic Gear,Teachings of Order,Guide to Order,Guide to Order,Guide to Order,Guide to Order,Philosophies of Order,Philosophies of Order,Philosophies of Order,Philosophies of Order,Silken Feather,13568,335,730,12615,311,679,11971,295,644,11025,272,593,10381,256,559,9445,233,508,8802,217,474,7874,194,424,7016,173,378,6099,150,328,5455,135,294,3646,90,196,2740,68,147,1056,26,57,CRIT DMG,0.00%,0.00%,9.60%,19.20%,19.20%,28.80%,38.40%
Eula,5,Mondstadt,Cryo,,Claymore,2021-05-18,Tall Female,Aphros Delos,25-Oct,Stormcrest Pie,"Knights of Favonius (on profile), Lawrence Clan",TRUE,Suzie Yeung,Ziyin (子音),Rina Sato (佐藤利奈),Kim Hyeon-ji (김현지),Dandelion Seed,Crystalline Bloom,Damaged Mask,Stained Mask,Ominous Mask,Shivada Jade Sliver,Shivada Jade Fragment,Shivada Jade Chunk,Shivada Jade Gemstone,Damaged Mask,Stained Mask,Ominous Mask,Teachings of Resistance,Guide to Resistance,Guide to Resistance,Guide to Resistance,Guide to Resistance,Philosophies of Resistance,Philosophies of Resistance,Philosophies of Resistance,Philosophies of Resistance,Dragon Lord's Crown,13226,342,751,12296,318,698,11669,302,662,10746,278,610,10119,262,574,9207,238,523,8579,222,487,7675,199,436,6839,177,388,5944,154,337,5317,138,302,3554,92,202,2671,69,152,1030,27,58,CRIT DMG,0.00%,0.00%,9.60%,19.20%,19.20%,28.80%,38.40%
Faruzan,4,Sumeru,Anemo,,Bow,2022-12-07,Medium Female,Flosculi Implexi,20-Aug,Traditionally-Made Charcoal-Baked Ajilenakh Cake,Haravatat,FALSE,Chandni Parekh,Yan Mengmeng (阎萌萌),Horie Yui (堀江 由衣),Kim You-rim (김유림),Henna Berry,Light Guiding Tetrahedron,Faded Red Satin,Trimmed Red Silk,Rich Red Brocade,Vayuda Turquoise Sliver,Vayuda Turquoise Fragment,Vayuda Turquoise Chunk,Vayuda Turquoise Gemstone,Faded Red Satin,Trimmed Red Silk,Rich Red Brocade,Teachings of Admonition,Guide to Admonition,Guide to Admonition,Guide to Admonition,Guide to Admonition,Philosophies of Admonition,Philosophies of Admonition,Philosophies of Admonition,Philosophies of Admonition,Puppet Strings,9569,196,627,8907,182,584,8481,174,556,7818,160,513,7392,151,485,6730,138,441,6304,129,413,5641,115,370,5074,104,332,4411,90,289,3985,81,261,2660,54,174,2061,42,135,802,16,52,ATK,0.00%,0.00%,6.00%,12.00%,12.00%,18.00%,24.00%
Fischl,4,Mondstadt,Electro,,Bow,2020-09-28,Medium Female,Corvus,27-May,Die Heilige Sinfonie,Adventurers' Guild,FALSE,"Brittany Cox, Ben Pronsky","Mace,  Yuantao Li (李元韬), Zhao Yuecheng (赵悦程)","Maaya Uchida (内田真礼), Yasunori Masutani (増谷康紀)","Park Go-woon (박고운), Lee Hyun (이현)",Small Lamp Grass,Lightning Prism,Firm Arrowhead,Sharp Arrowhead,Weathered Arrowhead,Vajrada Amethyst Sliver,Vajrada Amethyst Fragment,Vajrada Amethyst Chunk,Vajrada Amethyst Gemstone,Firm Arrowhead,Sharp Arrowhead,Weathered Arrowhead,Teachings of Ballad,Guide to Ballad,Guide to Ballad,Guide to Ballad,Guide to Ballad,Philosophies of Ballad,Philosophies of Ballad,Philosophies of Ballad,Philosophies of Ballad,Spirit Locket of Boreas,9189,244,594,8553,227,553,8144,216,526,7508,200,485,7099,189,459,6463,172,418,6054,161,391,5418,144,350,4872,130,315,4236,113,274,3827,102,247,2555,68,165,1979,53,128,770,20,50,ATK,0.00%,0.00%,6.00%,12.00%,12.00%,18.00%,24.00%
Freminet,4,Fontaine,Cryo,Pneuma,Claymore,2023-09-05,Medium Male,Automaton,24-Sep,"""Seabird's Sojourn""","Hotel Bouffes d'ete (on profile), House of the Hearth",FALSE,Paul Castro Jr.,Jinli (锦鲤),Toki Shunichi (土岐隼一),Lee Joo-Seung (이주승),Romaritime Flower,Artificed Spare Clockwork Component - Coppelius,Transoceanic Pearl,Transoceanic Chunk,Xenochromatic Crystal,Shivada Jade Sliver,Shivada Jade Fragment,Shivada Jade Chunk,Shivada Jade Gemstone,Transoceanic Pearl,Transoceanic Chunk,Xenochromatic Crystal,Teachings of Justice,Guide to Justice,Guide to Justice,Guide to Justice,Guide to Justice,Philosophies of Justice,Philosophies of Justice,Philosophies of Justice,Philosophies of Justice,Worldspan Fern,12071,254,708,11235,237,659,10697,225,627,9861,208,578,9324,196,547,8489,179,498,7952,167,466,7116,150,417,6400,135,375,5564,117,326,5027,106,295,3356,70,196,2600,54,152,1012,21,59,ATK,0.00%,0.00%,6.00%,12.00%,12.00%,18.00%,24.00%
Furina,5,Fontaine,Hydro,Both,Sword,2023-11-08,Medium Female,Animula Choragi,13-Oct,"""Pour la Justice""","Court of Fontaine (on profile), Opera Epiclese (formerly), The Seven (as a representative, formerly)",TRUE,Amber Lee Connors,Qian Chen (钱琛),Minase Inori (水瀬いのり),Kim Ha-yeong (김하영),Lakelight Lily,Water That Failed To Transcend,Whopperflower Nectar,Shimmering Nectar,Energy Nectar,Varunada Lazurite Sliver,Varunada Lazurite Fragment,Varunada Lazurite Chunk,Varunada Lazurite Gemstone,Whopperflower Nectar,Shimmering Nectar,Energy Nectar,Teachings of Justice,Guide to Justice,Guide to Justice,Guide to Justice,Guide to Justice,Philosophies of Justice,Philosophies of Justice,Philosophies of Justice,Philosophies of Justice,Lightless Mass,15307,243,695,14231,226,646,13505,215,613,12437,198,565,11711,186,532,10655,169,484,9929,158,451,8883,141,403,7915,126,359,6880,109,312,6154,98,279,4112,65,186,3091,49,140,1191,18,54,CRIT Rate,0.00%,0.00%,4.80%,9.60%,9.60%,14.40%,19.20%
Gaming,4,Liyue,Pyro,,Claymore,2024-01-31,Medium Male,Leo Expergiscens,22-Dec,Yummy Yum Cha,"Sword and Strongbox Secure Transport Agency (Faction) (on profile), Mighty Mythical Beasts",FALSE,Caleb Yen,Xie Ying (谢莹),Komatsu Shouhei (小松昌平),Kim Yoon-ki (김윤기),Starconch,Emperor's Resolution,Slime Condensate,Slime Secretions,Slime Concentrate,Agnidus Agate Sliver, Agnidus Agate Fragment,Agnidus Agate Chunk,Agnidus Agate Gemstone,Slime Condensate,Slime Secretions,Slime Concentrate,Teachings of Prosperity,Guide to Prosperity,Guide to Prosperity,Guide to Prosperity,Guide to Prosperity,Philosophies of Prosperity,Philosophies of Prosperity,Philosophies of Prosperity,Philosophies of Prosperity,Lightless Mass,11419,302,703,10628,281,654,10120,267,623,9329,246,574,8821,233,543,8031,212,494,7523,199,463,6732,178,414,6054,160,373,5264,139,324,4755,126,293,3175,84,195,2460,65,151,957,25,59,ATK,0.00%,0.00%,6.00%,12.00%,12.00%,18.00%,24.00%
Ganyu,5,Liyue,Cryo,,Bow,2021-01-12,Medium Female,Sinae Unicornis,02-Dec,Prosperous Peace,"Yuehai Pavilion (on profile), Liyue Qixing Employees, Adepti",TRUE,Jennifer Losi,Su Lin (林簌),Reina Ueda (上田麗奈),Kim Sun-hye (김선혜),Qingxin,Hoarfrost Core,Whopperflower Nectar,Shimmering Nectar,Energy Nectar,Shivada Jade Sliver,Shivada Jade Fragment,Shivada Jade Chunk,Shivada Jade Gemstone,Whopperflower Nectar,Shimmering Nectar,Energy Nectar,Teachings of Diligence,Guide to Diligence,Guide to Diligence,Guide to Diligence,Guide to Diligence,Philosophies of Diligence,Philosophies of Diligence,Philosophies of Diligence,Philosophies of Diligence,Shadow of the Warrior,9797,335,630,9108,311,586,8643,295,556,7960,272,512,7495,256,482,6820,233,439,6355,217,409,5686,194,366,5066,173,326,4403,151,283,3939,135,253,2632,90,169,1978,68,127,763,26,49,CRIT DMG,0.00%,0.00%,9.60%,19.20%,19.20%,28.80%,38.40%
Gorou,4,Inazuma,Geo,,Bow,2021-12-14,Medium Male,Canis Bellatoris,18-May,Victorious Legend,"Watatsumi Island (on profile), Watatsumi Army, Yae Publishing House (as Ms. Hina)",FALSE,Cory Yee,Yang Xinran (杨昕燃),Tasuku Hatanaka (畠中 祐),Lee Sae-byeok (이새벽),Sango Pearl,Perpetual Heart,Spectral Husk,Spectral Heart,Spectral Nucleus,Prithiva Topaz Sliver,Prithiva Topaz Fragment,Prithiva Topaz Chunk,Prithiva Topaz Gemstone,Spectral Husk,Spectral Heart,Spectral Nucleus,Teachings of Light,Guide to Light,Guide to Light,Guide to Light,Guide to Light,Philosophies of Light,Philosophies of Light,Philosophies of Light,Philosophies of Light,Molten Moment,9570,183,648,8907,170,603,8481,162,575,7818,149,530,7393,141,501,6731,128,456,6305,120,427,5642,108,382,5074,97,344,4411,84,299,3985,76,270,2661,51,180,2061,39,140,802,15,54,Geo DMG Bonus,0.00%,0.00%,6.00%,12.00%,12.00%,18.00%,24.00%
Hu Tao,5,Liyue,Pyro,,Polearm,2021-03-02,Medium Female,Papilio Charontis,15-Jul,Ghostly March,"Wangsheng Funeral Parlor (on profile), Hu Family",TRUE,Brianna Knickerbocker,Dian Tao (陶典),Rie Takahashi (高橋李依),Kim Ha-ru (김하루),Silk Flower,Juvenile Jade,Whopperflower Nectar,Shimmering Nectar,Energy Nectar,Agnidus Agate Sliver, Agnidus Agate Fragment,Agnidus Agate Chunk,Agnidus Agate Gemstone,Whopperflower Nectar,Shimmering Nectar,Energy Nectar,Teachings of Diligence,Guide to Diligence,Guide to Diligence,Guide to Diligence,Guide to Diligence,Philosophies of Diligence,Philosophies of Diligence,Philosophies of Diligence,Philosophies of Diligence,Shard of a Foul Legacy,15552,106,876,14459,99,815,13721,94,773,12637,86,712,11899,81,670,10826,74,610,10089,69,568,9026,62,508,8042,55,453,6990,48,394,6253,43,352,4179,29,235,3141,21,177,1211,8,68,CRIT DMG,0.00%,0.00%,9.60%,19.20%,19.20%,28.80%,38.40%
Jean,5,Mondstadt,Anemo,,Sword,2020-09-28,Tall Female,Leo Minor,14-Mar,Invigorating Pizza,"Knights of Favonius (on profile), Four Winds, Gunnhildr Clan",FALSE,Stephanie Southerland,Su Lin (林簌),Chiwa Saitō (斎藤千和),Ahn Young-mi (안영미),Dandelion Seed,Hurricane Seed,Damaged Mask,Stained Mask,Ominous Mask,Vayuda Turquoise Sliver,Vayuda Turquoise Fragment,Vayuda Turquoise Chunk,Vayuda Turquoise Gemstone,Damaged Mask,Stained Mask,Ominous Mask,Teachings of Resistance,Guide to Resistance,Guide to Resistance,Guide to Resistance,Guide to Resistance,Philosophies of Resistance,Philosophies of Resistance,Philosophies of Resistance,Philosophies of Resistance,Dvalin's Plume,14695,239,769,13662,222,715,12965,211,678,11940,194,624,11243,183,588,10230,166,535,9533,155,499,8528,139,446,7599,124,397,6605,108,345,5908,96,309,3948,64,206,2967,48,155,1144,19,60,Healing Bonus,0.00%,0.00%,5.50%,11.10%,11.10%,16.60%,22.20%
Kaedehara Kazuha,5,Inazuma,Anemo,,Sword,2021-06-29,Medium Male,Acer Palmatum,29-Oct,All-Weather Beauty,"The Crux (on profile), Kaedehara Clan, Watatsumi Army (formerly)",TRUE,Mark Whitten,Banma (斑马),Nobunaga Shimazaki (島崎 信長),Kim Shin-woo (김신우),Sea Ganoderma,Marionette Core,Treasure Hoarder Insignia,Silver Raven Insignia,Golden Raven Insignia,Vayuda Turquoise Sliver,Vayuda Turquoise Fragment,Vayuda Turquoise Chunk,Vayuda Turquoise Gemstone,Treasure Hoarder Insignia,Silver Raven Insignia,Golden Raven Insignia,Teachings of Diligence,Guide to Diligence,Guide to Diligence,Guide to Diligence,Guide to Diligence,Philosophies of Diligence,Philosophies of Diligence,Philosophies of Diligence,Philosophies of Diligence,Gilded Scale,13348,297,807,12410,276,750,11777,262,712,10846,241,656,10213,227,617,9292,206,562,8659,192,523,7747,172,468,6902,153,417,5999,133,363,5366,119,324,3586,80,217,2695,60,163,1039,23,63,Elemental Mastery,0,0,28.8,57.6,57.6,86.4,115.2
Kaeya,4,Mondstadt,Cryo,,Sword,2020-09-28,Tall Male,Pavo Ocellus,30-Nov,Fruity Skewers,"Knights of Favonius (on profile), Khaenri'ah, Alberich Clan",FALSE,Josey Montana McCoy,Ye Sun (孙晔),Kohsuke Toriumi (鳥海浩輔),Jeong Joo-won (정주원),Calla Lily,Hoarfrost Core,Treasure Hoarder Insignia,Silver Raven Insignia,Golden Raven Insignia,Shivada Jade Sliver,Shivada Jade Fragment,Shivada Jade Chunk,Shivada Jade Gemstone,Treasure Hoarder Insignia,Silver Raven Insignia,Golden Raven Insignia,Teachings of Ballad,Guide to Ballad,Guide to Ballad,Guide to Ballad,Guide to Ballad,Philosophies of Ballad,Philosophies of Ballad,Philosophies of Ballad,Philosophies of Ballad,Spirit Locket of Boreas,11636,223,792,10830,208,737,10312,198,702,9508,182,647,8990,172,612,8184,157,557,7666,147,522,6860,131,467,6170,118,420,5364,103,365,4846,93,330,3235,62,220,2506,48,171,976,19,66,Energy Recharge,0.00%,0.00%,6.70%,13.30%,13.30%,20.00%,26.70%
Kamisato Ayaka,5,Inazuma,Cryo,,Sword,2021-07-21,Medium Female,Grus Nivis,28-Sep,"""Snow on the Hearth""","Yashiro Commission (on profile), Kamisato Clan",TRUE,Erica Mendez,Xiao N (小N),Saori Hayami (早見沙織),Lee Yu-ri (이유리),Sakura Bloom,Perpetual Heart,Old Handguard,Kageuchi Handguard,Famed Handguard,Shivada Jade Sliver,Shivada Jade Fragment,Shivada Jade Chunk,Shivada Jade Gemstone,Old Handguard,Kageuchi Handguard,Famed Handguard,Teachings of Elegance,Guide to Elegance,Guide to Elegance,Guide to Elegance,Guide to Elegance,Philosophies of Elegance,Philosophies of Elegance,Philosophies of Elegance,Philosophies of Elegance,Bloodjade Branch,12858,342,784,11954,318,729,11345,302,692,10448,278,637,9838,262,600,8951,238,546,8341,222,509,7462,198,455,6649,177,405,5779,154,352,5170,138,315,3455,92,211,2597,79,158,1001,27,61,CRIT DMG,0.00%,0.00%,9.60%,19.20%,19.20%,28.80%,38.40%
Kamisato Ayato,5,Inazuma,Hydro,,Sword,2022-03-30,Tall Male,Cypressus Custos,26-Mar,Quiet Elegance,"Yashiro Commission (on profile), Kamisato Clan, Shuumatsuban",TRUE,Chris Hackney,Zhaolu (赵路),Akira Ishida (石田 彰),Jang Min-hyeok (장민혁),Sakura Bloom,Dew of Repudation,Old Handguard,Kageuchi Handguard,Famed Handguard,Varunada Lazurite Sliver,Varunada Lazurite Fragment,Varunada Lazurite Chunk,Varunada Lazurite Gemstone,Old Handguard,Kageuchi Handguard,Famed Handguard,Teachings of Elegance,Guide to Elegance,Guide to Elegance,Guide to Elegance,Guide to Elegance,Philosophies of Elegance,Philosophies of Elegance,Philosophies of Elegance,Philosophies of Elegance,Mudra of the Malefic General,13715,299,769,12751,278,715,12101,264,678,11144,243,624,10494,229,588,9548,208,535,8897,194,499,7960,174,446,1092,155,397,6165,135,345,5514,120,309,3685,81,206,2770,61,155,1068,24,60,CRIT DMG,0.00%,0.00%,9.60%,19.20%,19.20%,28.80%,38.40%
Kaveh,4,Sumeru,Dendro,,Claymore,2023-05-02,Tall Male,Paradisaea,09-Jul,The Endeavor,"Independent Design Studio (on profile), Kshahrewar (graduate)",FALSE,Ben Balmaceda,Liu Sanmu (刘三木),Uchida Yuma (内田 雄馬),Lee Jung-min (이정민),Mourning Flower,Quelled Creeper,Fungal Spores,Luminescent Pollen,Crystalline Cyst Dust,Nagadus Emerald Sliver,Nagadus Emerald Fragment,Nagadus Emerald Chunk,Nagadus Emerald Gemstone,Fungal Spores,Luminescent Pollen,Crystalline Cyst Dust,Teachings of Ingenuity,Guide to Ingenuity,Guide to Ingenuity,Guide to Ingenuity,Guide to Ingenuity,Philosophies of Ingenuity,Philosophies of Ingenuity,Philosophies of Ingenuity,Philosophies of Ingenuity,Primordial Greenbloom,11962,233,750,11133,217,698,10601,207,665,9773,190,613,9240,180,579,8413,164,528,7880,153,494,7052,137,442,6342,123,398,5514,107,346,4981,97,312,3325,64,208,2576,50,161,1002,19,62,Elemental Mastery,0,0,24,48,48,72,96
Keqing,5,Liyue,Electro,,Sword,2020-09-28,Medium Female,Trulla Cementarii,20-Nov,Survival Grilled Fish,Liyue Qixing,FALSE,Kayli Mills,Ying Xie (谢莹),Eri Kitamura (喜多村英梨),Lee Bo-hee (이보희),Cor Lapis,Lightning Prism,Whopperflower Nectar,Shimmering Nectar,Energy Nectar,Vajrada Amethyst Sliver,Vajrada Amethyst Fragment,Vajrada Amethyst Chunk,Vajrada Amethyst Gemstone,Whopperflower Nectar,Shimmering Nectar,Energy Nectar,Teachings of Prosperity,Guide to Prosperity,Guide to Prosperity,Guide to Prosperity,Guide to Prosperity,Philosophies of Prosperity,Philosophies of Prosperity,Philosophies of Prosperity,Philosophies of Prosperity,Ring of Boreas,13103,323,799,12182,300,743,11561,285,705,10647,262,649,10025,247,612,9121,225,556,8500,209,519,7604,187,464,6776,167,413,5889,145,359,5268,130,321,3521,87,215,2646,65,161,1020,25,62,CRIT DMG,0.00%,0.00%,9.60%,19.20%,19.20%,28.80%,38.40%
Kirara,4,Inazuma,Dendro,,Sword,2023-05-24,Medium Female,Arcella,22-Jan,Energizing Bento,Komaniya Express,FALSE,Julia Gu,Sun Yanqi (孙艳琦),Suzushiro Sayumi (鈴代 紗弓),Kang Eun-ae (강은애),Amakumo Fruit,Evergloom Ring,Spectral Husk,Spectral Heart,Spectral Nucleus,Nagadus Emerald Sliver,Nagadus Emerald Fragment,Nagadus Emerald Chunk,Nagadus Emerald Gemstone,Spectral Husk,Spectral Heart,Spectral Nucleus,Teachings of Transience,Guide to Transience,Guide to Transience,Guide to Transience,Guide to Transience,Philosophies of Transience,Philosophies of Transience,Philosophies of Transience,Philosophies of Transience,Everamber,12179,223,546,11336,207,508,10794,197,483,9950,182,446,9408,172,421,8566,156,384,8024,146,359,7180,131,321,6457,118,289,5614,102,251,5072,92,227,3386,62,151,2623,48,117,1021,18,45,HP,0.00%,0.00%,6.00%,12.00%,12.00%,18.00%,24.00%
Klee,5,Mondstadt,Pyro,,Catalyst,2020-10-20,Short Female,Trifolium,27-Jul,Fish-Flavored Toast,Knights of Favonius,TRUE,Poonam Basu,Hualing (花玲),Misaki Kuno (久野美咲),Bang Yeon-ji (방연지),Philanemo Mushroom,Everflame Seed,Divining Scroll,Sealed Scroll,Forbidden Curse Scroll,Agnidus Agate Sliver, Agnidus Agate Fragment,Agnidus Agate Chunk,Agnidus Agate Gemstone,Divining Scroll,Sealed Scroll,Forbidden Curse Scroll,Teachings of Freedom,Guide to Freedom,Guide to Freedom,Guide to Freedom,Guide to Freedom,Philosophies of Freedom,Philosophies of Freedom,Philosophies of Freedom,Philosophies of Freedom,Ring of Boreas,10287,311,615,9563,289,572,9076,274,542,8358,253,500,7870,238,470,7161,216,428,6673,202,399,5970,180,357,5319,161,318,4623,140,276,4136,125,247,2764,84,165,2077,63,124,801,24,48,Pyro DMG Bonus,0.00%,0.00%,7.20%,14.40%,14.40%,21.60%,28.80%
Kujou Sara,4,Inazuma,Electro,,Bow,2021-09-01,Tall Female,Flabellum,14-Jul,Faith Eternal,Tenryou Commission,FALSE,Jeannie Tirado,Yang Menglu (杨梦露),Asami Seto (瀬戸麻沙美),Mun Ji-yeong (문지영),Dendrobium,Storm Beads,Damaged Mask,Stained Mask,Ominous Mask,Vajrada Amethyst Sliver,Vajrada Amethyst Fragment,Vajrada Amethyst Chunk,Vajrada Amethyst Gemstone,Damaged Mask,Stained Mask,Ominous Mask,Teachings of Elegance,Guide to Elegance,Guide to Elegance,Guide to Elegance,Guide to Elegance,Philosophies of Elegance,Philosophies of Elegance,Philosophies of Elegance,Philosophies of Elegance,Ashen Heart,9570,195,628,8907,182,584,8481,173,556,7818,160,513,7393,151,485,6731,137,442,6305,129,414,5642,115,370,5074,104,333,4411,90,289,3985,81,262,2661,54,175,2061,42,135,802,16,53,ATK,0.00%,0.00%,6.00%,12.00%,12.00%,18.00%,24.00%
Kuki Shinobu,4,Inazuma,Electro,,Sword,2022-06-21,Medium Female,Tribulatio Demptio,27-Jul,Omurice Waltz,"Arataki Gang (on profile), Kuki Clan, Grand Narukami Shrine (formerly)",FALSE,Kira Buckland,Yang Ning (杨凝),Kaori Mizuhashi (水橋 かおり),Kim Yool (김율),Naku Weed,Runic Fang,Spectral Husk,Spectral Heart,Spectral Nucleus,Vajrada Amethyst Sliver,Vajrada Amethyst Fragment,Vajrada Amethyst Chunk,Vajrada Amethyst Gemstone,Spectral Husk,Spectral Heart,Spectral Nucleus,Teachings of Elegance,Guide to Elegance,Guide to Elegance,Guide to Elegance,Guide to Elegance,Philosophies of Elegance,Philosophies of Elegance,Philosophies of Elegance,Philosophies of Elegance,Tears of the Calamitous God,12288,212,750,11437,197,698,10890,188,665,10039,173,613,9492,164,579,8642,149,528,8095,139,494,7244,125,442,6515,112,398,5664,97,346,5117,88,312,3416,59,208,2646,45,161,1030,17,62,HP,0.00%,0.00%,6.00%,12.00%,12.00%,18.00%,24.00%
Layla,4,Sumeru,Cryo,,Sword,2022-11-18,Medium Female,Luscinia,19-Dec,Extravagant Slumber,Rtawahist,FALSE,Ashely Biski,Hou Xiaofei (侯小菲),Tomita Miyu (富田美憂),Kang Sae-Bom (강새봄),Nilotpala Lotus,Perpetual Caliber,Divining Scroll,Sealed Scroll,Forbidden Curse Scroll,Shivada Jade Sliver,Shivada Jade Fragment,Shivada Jade Chunk,Shivada Jade Gemstone,Divining Scroll,Sealed Scroll,Forbidden Curse Scroll,Teachings of Ingenuity,Guide to Ingenuity,Guide to Ingenuity,Guide to Ingenuity,Guide to Ingenuity,Philosophies of Ingenuity,Philosophies of Ingenuity,Philosophies of Ingenuity,Philosophies of Ingenuity,Mirror of Mushin,11092,216,655,10324,201,609,9830,191,580,9062,176,535,8568,167,506,7801,152,460,7307,142,431,6539,127,386,5881,114,347,5113,99,302,4619,90,272,3084,60,182,2389,46,141,930,18,54,HP,0.00%,0.00%,6.00%,12.00%,12.00%,18.00%,24.00%
Lisa,4,Mondstadt,Electro,,Catalyst,2020-09-28,Tall Female,Tempus Fugit,09-Jun,Mysterious Bolognese,"Knights of Favonius (on profile), Spantamad (formerly)",FALSE,Mara Junot,Ke Zhong (钟可),Rie Tanaka (田中理恵),Park Go-woon (박고운),Valberry,Lightning Prism,Slime Condensate,Slime Secretions,Slime Concentrate,Vajrada Amethyst Sliver,Vajrada Amethyst Fragment,Vajrada Amethyst Chunk,Vajrada Amethyst Gemstone,Slime Condensate,Slime Secretions,Slime Concentrate,Teachings of Ballad,Guide to Ballad,Guide to Ballad,Guide to Ballad,Guide to Ballad,Philosophies of Ballad,Philosophies of Ballad,Philosophies of Ballad,Philosophies of Ballad,Dvalin's Claw,9570,232,573,8907,215,534,8481,205,508,7818,189,468,7393,179,443,6731,163,403,6305,153,378,5642,136,338,5074,123,304,4411,107,264,3985,96,239,2661,64,159,2061,50,123,802,19,48,Elemental Mastery,0,0,24,48,48,72,96
Lynette,4,Fontaine,Anemo,Ousia,Sword,2023-08-16,Medium Female,Felis Alba,02-Feb,A Leisurely Sip,"Hotel Bouffes d'ete (on profile), House of the Hearth",FALSE,Anairis Quiñones,Kekewei (可可味),Sasahara Yu (篠原侑),Lee Myung-hwa (이명화),Lumidouce Bell,Artificed Spare Clockwork Component - Coppelia,Meshing Gear,Mechanical Spur Gear,Artificed Dynamic Gear,Vayuda Turquoise Sliver,Vayuda Turquoise Fragment,Vayuda Turquoise Chunk,Vayuda Turquoise Gemstone,Meshing Gear,Mechanical Spur Gear,Artificed Dynamic Gear,Teachings of Order,Guide to Order,Guide to Order,Guide to Order,Guide to Order,Philosophies of Order,Philosophies of Order,Philosophies of Order,Philosophies of Order,Everamber,12397,231,711,11538,215,662,10987,205,630,10128,189,581,9576,178,549,8719,162,500,8167,152,468,7308,136,419,6573,122,377,5714,106,328,5162,96,296,3446,64,197,2670,49,153,1039,19,59,Anemo DMG Bonus,0.00%,0.00%,6.00%,12.00%,12.00%,18.00%,24.00%
Lyney,5,Fontaine,Pyro,Pneuma,Bow,2023-08-16,Medium Male,Felis Fuscus,02-Feb,Cubic Tricks,"Hotel Bouffes d'ete (on profile), House of the Hearth",TRUE,Daman Mills,Jinli (锦鲤),Shimono Hiro (下野紘),Park Song-young (박성영),Rainbow Rose,Emperor's Resolution,Recruit's Insignia,Sergeant's Insignia,Lieutenant's Insignia,Agnidus Agate Sliver, Agnidus Agate Fragment,Agnidus Agate Chunk,Agnidus Agate Gemstone,Recruit's Insignia,Sergeant's Insignia,Lieutenant's Insignia,Teachings of Equity,Guide to Equity,Guide to Equity,Guide to Equity,Guide to Equity,Philosophies of Equity,Philosophies of Equity,Philosophies of Equity,Philosophies of Equity,Primordial Greenbloom,11021,318,537,10246,295,500,9723,280,474,8955,258,437,8432,243,411,7672,221,374,7149,206,348,6396,184,312,5699,164,278,4953,142,241,4431,127,216,2961,85,144,2225,64,108,857,24,41,CRIT Rate,0.00%,0.00%,4.80%,9.60%,9.60%,14.40%,19.20%
Mika,4,Mondstadt,Cryo,,Polearm,2023-03-21,Medium Male,Palumbus,11-Aug,Surveyor's Breakfast Sandwich,Knights of Favonius,FALSE,Robb Moreira,Deng Youxi (邓宥希),Sanpei Yūko (三瓶由布子),Yoon Eun-seo (윤은서),Wolfhook,Pseudo-Stamens,Recruit's Insignia,Sergeant's Insignia,Lieutenant's Insignia,Shivada Jade Sliver,Shivada Jade Fragment,Shivada Jade Chunk,Shivada Jade Gemstone,Recruit's Insignia,Sergeant's Insignia,Lieutenant's Insignia,Teachings of Ballad,Guide to Ballad,Guide to Ballad,Guide to Ballad,Guide to Ballad,Philosophies of Ballad,Philosophies of Ballad,Philosophies of Ballad,Philosophies of Ballad,Mirror of Mushin,12506,223,713,11640,207,663,11083,197,632,10217,182,582,9660,172,550,8795,156,501,8239,146,469,7373,131,420,6630,118,378,5764,102,328,5208,92,297,3477,62,198,2693,48,153,1048,18,59,HP,0.00%,0.00%,6.00%,12.00%,12.00%,18.00%,24.00%
Mona,5,Mondstadt,Hydro,,Catalyst,2020-09-28,Medium Female,Astrolabos,31-Aug,Der Weisheit Letzter Schluss (Life),"Mondstadt (on profile), The Steambird",FALSE,Felecia Angelle,Tingting Chen (陈婷婷),Konomi Kohara (小原好美),Woo Jeong-sin (우정신),Philanemo Mushroom,Cleansing Heart,Whopperflower Nectar,Shimmering Nectar,Energy Nectar,Varunada Lazurite Sliver,Varunada Lazurite Fragment,Varunada Lazurite Chunk,Varunada Lazurite Gemstone,Whopperflower Nectar,Shimmering Nectar,Energy Nectar,Teachings of Resistance,Guide to Resistance,Guide to Resistance,Guide to Resistance,Guide to Resistance,Philosophies of Resistance,Philosophies of Resistance,Philosophies of Resistance,Philosophies of Resistance,Ring of Boreas,10409,287,653,9677,267,607,9184,253,576,8458,233,531,7964,220,500,7246,200,455,6752,186,424,6041,167,379,5383,148,338,4678,129,294,4185,115,263,2797,77,176,2102,58,132,810,22,51,Energy Recharge,0.00%,0.00%,8.00%,16.00%,16.00%,24.00%,32.00%
Nahida,5,Sumeru,Dendro,,Catalyst,2022-11-02,Short Female,Sapientia Oromasdis,27-Oct,Halvamazd,"Sumeru City (on profile), The Seven, Sumeru Akademiya",TRUE,Kimberley Anne Campbell,Hualing (花玲),Tamura Yukari (田村ゆかり),Park Shi-Yoon (박시윤),Kalpalata Lotus,Quelled Creeper,Fungal Spores,Luminescent Pollen,Crystalline Cyst Dust,Nagadus Emerald Sliver,Nagadus Emerald Fragment,Nagadus Emerald Chunk,Nagadus Emerald Gemstone,Fungal Spores,Luminescent Pollen,Crystalline Cyst Dust,Teachings of Ingenuity,Guide to Ingenuity,Guide to Ingenuity,Guide to Ingenuity,Guide to Ingenuity,Philosophies of Ingenuity,Philosophies of Ingenuity,Philosophies of Ingenuity,Philosophies of Ingenuity,Puppet Strings,10360,298,630,9631,277,585,9140,263,556,8417,242,512,7926,228,482,7211,208,438,6720,193,408,6012,173,365,5357,154,325,4656,134,283,4165,120,253,2783,80,169,2092,60,127,806,23,49,Elemental Mastery,0,0,28.8,57.6,57.6,86.4,115.2
Navia,5,Fontaine,Geo,Ousia,Claymore,2023-12-20,Tall Female,Rosa Multiflora,16-Aug,"""Pick What You Like!""","Spina di Rosula (on profile), House of Caspar",TRUE,Brenna Larsen,Xiaogan (小敢),Toyosaki Aki (豊崎愛生),Jeong Hae-eun (정해은),Spring of the First Dewdrop,Artificed Spare Clockwork Component — Coppelius,Transoceanic Pearl,Transoceanic Chunk,Xenochromatic Crystal,Prithiva Topaz Sliver,Prithiva Topaz Fragment,Prithiva Topaz Chunk,Prithiva Topaz Gemstone,Transoceanic Pearl,Transoceanic Chunk,Xenochromatic Crystal,Teachings of Equity,Guide to Equity,Guide to Equity,Guide to Equity,Guide to Equity,Philosophies of Equity,Philosophies of Equity,Philosophies of Equity,Philosophies of Equity,Lightless Silk String,12650,352,793,11761,327,737,11161,310,700,10278,286,644,9679,269,607,8806,245,552,8206,228,515,7341,204,460,6542,182,410,5686,158,356,5086,141,319,3399,94,213,2555,71,160,985,27,62,CRIT DMG,0.00%,0.00%,9.60%,19.20%,19.20%,28.80%,38.40%
Neuvillette,5,Fontaine,Hydro,Pneuma,Catalyst,2023-09-27,Tall Male,Leviathan Judicator,18-Dec,"""Consomme Purete""","Court of Fontaine (on profile), Marechaussee Phantom, Palais Mermonia, Seven Sovereigns",TRUE,Ray Chase,Sang Yuze (桑毓泽),Kamiya Hiroshi (神谷浩史),Kwak Yoon-sang (곽윤상),Lumitoile,Fontemer Unihorn,Transoceanic Pearl,Transoceanic Chunk,Xenochromatic Crystal,Varunada Lazurite Sliver,Varunada Lazurite Fragment,Varunada Lazurite Chunk,Varunada Lazurite Gemstone,Transoceanic Pearl,Transoceanic Chunk,Xenochromatic Crystal,Teachings of Equity,Guide to Equity,Guide to Equity,Guide to Equity,Guide to Equity,Philosophies of Equity,Philosophies of Equity,Philosophies of Equity,Philosophies of Equity,Everamber,14695,208,576,13662,193,535,12965,183,508,11940,169,468,11243,159,441,10229,145,401,9532,135,373,8528,120,334,7599,107,298,6604,93,259,5908,83,231,3948,55,154,2967,42,116,1143,16,44,CRIT DMG,0.00%,0.00%,9.60%,19.20%,19.20%,28.80%,38.40%
Nilou,5,Sumeru,Hydro,,Sword,2022-10-14,Medium Female,Lotos Somno,03-Dec,Swirling Steps,Zubayr Theater,TRUE,Dani Chambers,Zisu Jiuyue (紫苏九月),Kanemoto Hisako (金元寿子),Chae Rim (채림),Padisarah,Perpetual Caliber,Fungal Spores,Luminescent Pollen,Crystalline Cyst Dust,Varunada Lazurite Sliver,Varunada Lazurite Fragment,Varunada Lazurite Chunk,Varunada Lazurite Gemstone,Fungal Spores,Luminescent Pollen,Crystalline Cyst Dust,Teachings of Praxis,Guide to Praxis,Guide to Praxis,Guide to Praxis,Guide to Praxis,Philosophies of Praxis,Philosophies of Praxis,Philosophies of Praxis,Philosophies of Praxis,Tears of the Calamitous God,15184,229,728,14117,213,677,13397,202,642,12338,186,591,11617,175,557,10570,159,507,9850,148,472,8812,133,422,7852,118,376,6825,103,327,6104,92,292,4079,61,195,3066,46,147,1182,17,56,HP,0.00%,0.00%,7.20%,14.40%,14.40%,21.60%,28.80%
Ningguang,4,Liyue,Geo,,Catalyst,2020-09-28,Tall Female,Opus Aequilibrium,26-Aug,Qiankun Mora Meat,Liyue Qixing,FALSE,Erin Ebers,Mingya Du (杜冥鸦),Sayaka Ohara (大原さやか),Gwak Gyu-mi (곽규미),Glaze Lily,Basalt Pillar,Recruit's Insignia,Sergeant's Insignia,Lieutenant's Insignia,Prithiva Topaz Sliver,Prithiva Topaz Fragment,Prithiva Topaz Chunk,Prithiva Topaz Gemstone,Recruit's Insignia,Sergeant's Insignia,Lieutenant's Insignia,Teachings of Prosperity,Guide to Prosperity,Guide to Prosperity,Guide to Prosperity,Guide to Prosperity,Philosophies of Prosperity,Philosophies of Prosperity,Philosophies of Prosperity,Philosophies of Prosperity,Spirit Locket of Boreas,9787,212,573,9110,198,534,8674,188,508,7996,174,468,7561,164,443,6884,149,403,6448,140,378,5770,125,338,5189,113,304,4512,98,264,4076,88,239,2721,59,159,2108,46,123,821,18,48,Geo DMG Bonus,0.00%,0.00%,6.00%,12.00%,12.00%,18.00%,24.00%
Noelle,4,Mondstadt,Geo,,Claymore,2020-09-28,Medium Female,Parma Cordis,21-Mar,Lighter-Than-Air Pancake,Knights of Favonius,FALSE,Laura Faye Smith,Yanning (宴宁),Kanon Takao (高尾奏音),Lee Bo-hee (이보희),Valberry,Basalt Pillar,Damaged Mask,Stained Mask,Ominous Mask,Prithiva Topaz Sliver,Prithiva Topaz Fragment,Prithiva Topaz Chunk,Prithiva Topaz Gemstone,Damaged Mask,Stained Mask,Ominous Mask,Teachings of Resistance,Guide to Resistance,Guide to Resistance,Guide to Resistance,Guide to Resistance,Philosophies of Resistance,Philosophies of Resistance,Philosophies of Resistance,Philosophies of Resistance,Dvalin's Claw,12071,191,799,11235,178,743,10698,169,708,9862,156,652,9325,148,617,8490,134,562,7953,126,526,7117,113,471,6400,101,423,5564,88,368,5027,80,333,3356,53,222,2600,41,172,1012,16,67,DEF,0.00%,0.00%,7.50%,15.00%,15.00%,22.50%,30.00%
Qiqi,5,Liyue,Cryo,,Sword,2020-09-28,Short Female,Pristina Nova,03-Mar,No Tomorrow,"Bubu Pharmacy (on profile), Adepti (energy carrier)",FALSE,Christie Cate,Yanning (宴宁),Yukari Tamura (田村ゆかり),Lee Seul (이슬),Violetgrass,Hoarfrost Core,Divining Scroll,Sealed Scroll,Forbidden Curse Scroll,Shivada Jade Sliver,Shivada Jade Fragment,Shivada Jade Chunk,Shivada Jade Gemstone,Divining Scroll,Sealed Scroll,Forbidden Curse Scroll,Teachings of Prosperity,Guide to Prosperity,Guide to Prosperity,Guide to Prosperity,Guide to Prosperity,Philosophies of Prosperity,Philosophies of Prosperity,Philosophies of Prosperity,Philosophies of Prosperity,Tail of Boreas,12368,287,922,11499,267,857,10912,253,814,10050,233,749,9463,220,706,8610,200,642,8023,186,598,7178,167,535,6396,148,477,5559,129,415,4973,115,371,3323,77,248,2498,58,186,963,22,72,Healing Bonus,0.00%,0.00%,5.50%,11.10%,11.10%,16.60%,22.20%
Raiden Shogun,5,Inazuma,Electro,,Polearm,2021-09-01,Tall Female,Imperatrix Umbrosa,26-Jun,,"Inazuma City (on profile), Inazuma Shogunate, The Seven",TRUE,Anne Yatco,Juhuahua (菊花花),Miyuki Sawashiro (沢城みゆき),Park Ji-yoon (박지윤),Amakumo Fruit,Storm Beads,Old Handguard,Kageuchi Handguard,Famed Handguard,Vajrada Amethyst Sliver,Vajrada Amethyst Fragment,Vajrada Amethyst Chunk,Vajrada Amethyst Gemstone,Old Handguard,Kageuchi Handguard,Famed Handguard,Teachings of Light,Guide to Light,Guide to Light,Guide to Light,Guide to Light,Philosophies of Light,Philosophies of Light,Philosophies of Light,Philosophies of Light,Molten Moment,12907,337,789,12000,314,737,11388,298,696,10487,274,641,9875,258,604,8985,235,549,8373,219,512,7491,196,458,6675,175,408,5801,152,355,5189,136,317,3468,91,212,2606,68,159,1005,26,61,Energy Recharge,0.00%,0.00%,8.00%,16.00%,16.00%,24.00%,32.00%
Razor,4,Mondstadt,Electro,,Claymore,2020-09-28,Medium Male,Lupus Minor,09-Sep,Puppy-Paw Hash Brown,Wolvendom (Boreas),FALSE,Todd Haberkorn,Shuai Zhou (周帅),Kōki Uchiyama (内山昂輝),Kim Seo-yeong (김서영),Wolfhook,Lightning Prism,Damaged Mask,Stained Mask,Ominous Mask,Vajrada Amethyst Sliver,Vajrada Amethyst Fragment,Vajrada Amethyst Chunk,Vajrada Amethyst Gemstone,Damaged Mask,Stained Mask,Ominous Mask,Teachings of Resistance,Guide to Resistance,Guide to Resistance,Guide to Resistance,Guide to Resistance,Philosophies of Resistance,Philosophies of Resistance,Philosophies of Resistance,Philosophies of Resistance,Dvalin's Claw,11962,234,751,11134,217,699,10602,207,665,9773,191,613,9241,180,580,8413,164,528,7881,154,495,7052,138,443,6343,124,398,5514,108,346,4982,97,313,3326,65,209,2577,50,162,1003,20,63,Physical DMG Bonus,0.00%,0.00%,7.50%,15.00%,15.00%,22.50%,30.00%
Rosaria,4,Mondstadt,Cryo,,Polearm,2021-04-06,Tall Female,Spinea Corona,24-Jan,Dinner of Judgement,Church of Favonius,FALSE,Elizabeth Maxwell,Anqi Zhang (张安琪),Ai Kakuma (加隈亜衣),Kim Bo-na (김보나),Valberry,Hoarfrost Core,Recruit's Insignia,Sergeant's Insignia,Lieutenant's Insignia,Shivada Jade Sliver,Shivada Jade Fragment,Shivada Jade Chunk,Shivada Jade Gemstone,Recruit's Insignia,Sergeant's Insignia,Lieutenant's Insignia,Teachings of Ballad,Guide to Ballad,Guide to Ballad,Guide to Ballad,Guide to Ballad,Philosophies of Ballad,Philosophies of Ballad,Philosophies of Ballad,Philosophies of Ballad,Shadow of the Warrior,12289,240,710,11438,223,661,10891,213,629,10040,196,580,9493,185,548,8643,169,499,8096,158,468,7245,141,418,6516,127,376,5665,111,327,5118,100,296,3417,67,197,2647,52,153,1030,20,60,ATK,0.00%,0.00%,6.00%,12.00%,12.00%,18.00%,24.00%
Sangonomiya Kokomi,5,Inazuma,Hydro,,Catalyst,2021-09-21,Medium Female,Dracanea Somnolenta,22-Feb,A Stunning Stratagem,"Watatsumi Island (on profile), Sangonomiya Clan, Watatsumi Army",TRUE,Risa Mei,Guiniang (龟娘),Suzuko Mimori (三森すずこ),Yeo Yun-mi (여윤미),Sango Pearl,Dew of Repudation,Spectral Husk,Spectral Heart,Spectral Nucleus,Varunada Lazurite Sliver,Varunada Lazurite Fragment,Varunada Lazurite Chunk,Varunada Lazurite Gemstone,Spectral Husk,Spectral Heart,Spectral Nucleus,Teachings of Transience,Guide to Transience,Guide to Transience,Guide to Transience,Guide to Transience,Philosophies of Transience,Philosophies of Transience,Philosophies of Transience,Philosophies of Transience,Hellfire Butterfly,13471,234,657,12524,218,611,11885,207,580,10945,190,534,10306,179,503,9377,163,457,8738,152,426,7818,136,381,6966,121,340,6055,105,295,5416,94,264,3619,63,177,2720,47,133,1049,18,51,Hydro DMG Bonus,0.00%,0.00%,7.20%,14.40%,14.40%,21.60%,28.80%
Sayu,4,Inazuma,Anemo,,Claymore,2021-08-10,Short Female,Nyctereutes Minor,19-Oct,Dizziness-Be-Gone no Justu Version 2.0,Shuumatsuban,FALSE,Lilypichu (Lily Ki),Sakula小舞,Aya Suzaki (洲崎綾),Lee Ji-hyeon (이지현),Crystal Marrow,Marionette Core,Whopperflower Nectar,Shimmering Nectar,Energy Nectar,Vayuda Turquoise Sliver,Vayuda Turquoise Fragment,Vayuda Turquoise Chunk,Vayuda Turquoise Gemstone,Whopperflower Nectar,Shimmering Nectar,Energy Nectar,Teachings of Light,Guide to Light,Guide to Light,Guide to Light,Guide to Light,Philosophies of Light,Philosophies of Light,Philosophies of Light,Philosophies of Light,Gilded Scale,11854,244,745,11033,227,693,10505,216,660,9684,200,608,9157,189,575,8337,172,524,7809,161,491,6988,144,439,6285,130,395,5464,113,343,4937,102,310,3296,68,207,2553,53,160,994,20,62,Elemental Mastery,0,0,24,48,48,72,96
Sethos,4,Sumeru,Electro,,Bow,2024-06-05,Medium Male,Basileos Delta,31-May,Super-Dee-Duper Delicious Meat Roll,Temple of Silence,FALSE,Zeno Robinson,Li Lanling (李兰陵),Chiba Shoya (千葉翔也),Kim Dong-hyun (김동현),Trishiraite,Cloudseam Scale,Faded Red Satin,Trimmed Red Silk,Rich Red Brocade,Vajrada Amethyst Sliver,Vajrada Amethyst Fragment,Vajrada Amethyst Chunk,Vajrada Amethyst Gemstone,Faded Red Satin,Trimmed Red Silk,Rich Red Brocade,Teachings of Praxis,Guide to Praxis,Guide to Praxis,Guide to Praxis,Guide to Praxis,Philosophies of Praxis,Philosophies of Praxis,Philosophies of Praxis,Philosophies of Praxis,Daka's Bell,9787,227,560,9110,212,521,8674,201,496,7996,186,457,7561,176,432,6884,160,394,6448,150,369,5770,134,330,5189,120,297,4512,105,258,4076,95,233,2721,63,156,2108,49,121,821,19,47,Elemental Mastery,0.00%,0.00%,24,48,48,72,96
Shenhe,5,Liyue,Cryo,,Polearm,2022-01-05,Tall Female,Crista Doloris,10-Mar,Heartstring Noodles,"Cloud Retainer's Abode (on profile), Adepti (disciple), Wanmin Restaurant",TRUE,Chelsea Kwoka,Ziyi Qin(秦紫翼),Ayako Kawasumi (川澄綾子),Lee Hyun-jin (이현진),Qingxin,Dragonheir's False Fin,Whopperflower Nectar,Shimmering Nectar,Energy Nectar,Shivada Jade Sliver,Shivada Jade Fragment,Shivada Jade Chunk,Shivada Jade Gemstone,Whopperflower Nectar,Shimmering Nectar,Energy Nectar,Teachings of Prosperity,Guide to Prosperity,Guide to Prosperity,Guide to Prosperity,Guide to Prosperity,Philosophies of Prosperity,Philosophies of Prosperity,Philosophies of Prosperity,Philosophies of Prosperity,Hellfire Butterfly,12993,304,830,21080,282,772,11463,268,732,10557,274,674,9941,232,635,9045,211,578,8429,197,538,7540,176,482,6719,157,429,5840,137,373,5224,122,334,3491,82,223,2624,61,168,1011,24,65,ATK,0.00%,0.00%,7.20%,14.40%,14.40%,21.60%,28.80%
Shikanoin Heizou,4,Inazuma,Anemo,,Catalyst,2022-07-13,Medium Male,Cervus Minor,24-Jul,The Only Truth,"Tenryou Commission (on profile), Bantan Sango Detective Agency (formerly)",FALSE,Kieran Regan,Lin Jing (林景),Iguchi Yuuichi (井口祐一),Jeong-Ui-jin (정의진),Onikabuto,Runic Fang,Treasure Hoarder Insignia,Silver Raven Insignia,Golden Raven Insignia,Vayuda Turquoise Sliver,Vayuda Turquoise Fragment,Vayuda Turquoise Chunk,Vayuda Turquoise Gemstone,Treasure Hoarder Insignia,Silver Raven Insignia,Golden Raven Insignia,Teachings of Transience,Guide to Transience,Guide to Transience,Guide to Transience,Guide to Transience,Philosophies of Transience,Philosophies of Transience,Philosophies of Transience,Philosophies of Transience,The Meaning of Aeons,10657,225,683,9919,209,636,9445,199,606,8706,183,558,8232,173,528,7495,158,480,7021,148,450,6283,132,403,5650,119,362,4912,103,315,4438,93,284,2963,62,190,2295,48,147,893,18,57,Anemo DMG Bonus,0.00%,0.00%,6.00%,12.00%,12.00%,18.00%,24.00%
Sigewinne,5,Fontaine,Hydro,Ousia,Bow,2024-06-25,Short Female,Nereides,30-Mar,Well-Balanced Meal,Fortress of Meropide,TRUE,Sarah Williams,Zhao Shuang (赵爽),Kino Hina (木野日菜),Kim Chae-rin (김채린),Romaritime Flower,Water That Failed To Transcend,Transoceanic Pearl,Transoceanic Chunk,Xenochromatic Crystal,Varunada Lazurite Sliver,Varunada Lazurite Fragment,Varunada Lazurite Chunk,Varunada Lazurite Gemstone,Transoceanic Pearl,Transoceanic Chunk,Xenochromatic Crystal,Teachings of Equity,Guide to Equity,Guide to Equity,Guide to Equity,Guide to Equity,Philosophies of Equity,Philosophies of Equity,Philosophies of Equity,Philosophies of Equity,Lightless Eye of the Maelstrom,13348,193,500,12410,179,464,11777,170,441,10846,156,406,10213,147,382,9292,134,348,8659,125,324,7747,112,290,6902,100,258,5999,87,225,5366,77,201,3586,52,134,2695,39,101,1039,15,39,HP,0.00%,0.00%,7.20%,14.40%,14.40%,21.60%,28.80%
Sucrose,4,Mondstadt,Anemo,,Catalyst,2020-09-28,Medium Female,Ampulla,26-Sep,Nutritious Meal (V.593),Knights of Favonius,FALSE,Valeria Rodriguez,Xiaogan (小敢),Akane Fujita (藤田茜),Kim Ha-yeong (김하영),Windwheel Aster,Hurricane Seed,Whopperflower Nectar,Shimmering Nectar,Energy Nectar,Vayuda Turquoise Sliver,Vayuda Turquoise Fragment,Vayuda Turquoise Chunk,Vayuda Turquoise Gemstone,Whopperflower Nectar,Shimmering Nectar,Energy Nectar,Teachings of Freedom,Guide to Freedom,Guide to Freedom,Guide to Freedom,Guide to Freedom,Philosophies of Freedom,Philosophies of Freedom,Philosophies of Freedom,Philosophies of Freedom,Spirit Locket of Boreas,9243,170,703,8603,158,654,8192,151,623,7552,139,574,7141,131,543,6501,120,494,6090,112,463,5450,100,414,4901,90,373,4261,78,324,3850,71,293,2570,47,195,1991,37,151,775,14,59,Anemo DMG Bonus,0.00%,0.00%,6.00%,12.00%,12.00%,18.00%,24.00%
Tartaglia,5,Snezhnaya,Hydro,,Bow,2020-11-11,Tall Male,Monoceros Caeli,20-Jul,A Prize Catch,"Fatui (on profile), Eleven Fatui Harbingers",TRUE,Griffin Burns,Yudong (鱼冻),Ryohei Kimura (木村良平),Nam Doh-hyeong (남도형),Starconch,Cleansing Heart,Recruit's Insignia,Sergeant's Insignia,Lieutenant's Insignia,Varunada Lazurite Sliver,Varunada Lazurite Fragment,Varunada Lazurite Chunk,Varunada Lazurite Gemstone,Recruit's Insignia,Sergeant's Insignia,Lieutenant's Insignia,Teachings of Freedom,Guide to Freedom,Guide to Freedom,Guide to Freedom,Guide to Freedom,Philosophies of Freedom,Philosophies of Freedom,Philosophies of Freedom,Philosophies of Freedom,Shard of a Foul Legacy,13103,301,815,12182,280,757,11561,266,719,10647,245,662,10025,231,623,9121,210,567,8500,195,528,7604,175,473,6776,156,421,5889,135,366,5268,121,328,3521,81,219,2646,61,165,1020,23,63,Hydro DMG Bonus,0.00%,0.00%,7.20%,14.40%,14.40%,21.60%,28.80%
Thoma,4,Inazuma,Pyro,,Polearm,2021-11-02,Tall Male,Rubeum Scutum,09-Jan,"""Warmth""","Yashiro Commission (on profile), Kamisato Clan",FALSE,Christian Banas,Pei Zhang (张沛),Masakazu Morita (森田成一),Ryu Seung-gon (류승곤),Fluorescent Fungus,Smoldering Pearl,Treasure Hoarder Insignia,Silver Raven Insignia,Golden Raven Insignia,Agnidus Agate Sliver, Agnidus Agate Fragment,Agnidus Agate Chunk,Agnidus Agate Gemstone,Treasure Hoarder Insignia,Silver Raven Insignia,Golden Raven Insignia,Teachings of Transience,Guide to Transience,Guide to Transience,Guide to Transience,Guide to Transience,Philosophies of Transience,Philosophies of Transience,Philosophies of Transience,Philosophies of Transience,Hellfire Butterfly,10331,202,751,9616,188,699,9156,179,665,8440,165,613,7981,156,580,7266,142,528,6806,133,495,6091,119,443,5478,107,398,4762,93,346,4302,84,313,2872,56,209,2225,43,162,866,17,63,ATK,0.00%,0.00%,6.00%,12.00%,12.00%,18.00%,24.00%
Tighnari,5,Sumeru,Dendro,,Bow,2022-08-24,Medium Male,Vulpes Zerda,29-Dec,Forest Watcher's Choice,"Gandharva Ville (on profile), Forest Rangers, Amurta (graduate)",FALSE,Zachary Gordon,Moran (莫然),Kobayashi Sanae (小林 沙苗),Jung Ui-taek (정의택),Nilotpala Lotus,Majestic Hooked Beak,Fungal Spores,Luminescent Pollen,Crystalline Cyst Dust,Nagadus Emerald Sliver,Nagadus Emerald Fragment,Nagadus Emerald Chunk,Nagadus Emerald Gemstone,Fungal Spores,Luminescent Pollen,Crystalline Cyst Dust,Teachings of Admonition,Guide to Admonition,Guide to Admonition,Guide to Admonition,Guide to Admonition,Philosophies of Admonition,Philosophies of Admonition,Philosophies of Admonition,Philosophies of Admonition,The Meaning of Aeons,10849,267,630,10087,249,585,9572,236,556,8815,217,512,8301,204,482,7552,186,438,7038,173,408,6296,155,365,5610,138,325,4876,120,283,4362,107,253,2915,71,169,2191,54,127,844,20,49,Dendro DMG Bonus,0.00%,0.00%,7.20%,14.40%,14.40%,21.60%,28.80%
"Traveler (Aether, Anemo)",5,,Anemo,,Sword,2020-09-28,Medium Male,Viator,Player's Choice,,,,Zach Aguilar,Luyin (鹿喑),Horie Shun (堀江瞬),Lee Kyung-tae (이경태),Windwheel Aster,,Damaged Mask,Stained Mask,Ominous Mask,Brilliant Diamond Sliver,Brilliant Diamond Fragment,Brilliant Diamond Chunk,Brilliant Diamond Gemstone,Divining Scroll,Sealed Scroll,Forbidden Curse Scroll,Teachings of Freedom,Guide to Resistance,Guide to Ballad,Guide to Freedom,Guide to Resistance,Philosophies of Ballad,Philosophies of Freedom,Philosophies of Resistance,Philosophies of Ballad,Dvalin's Sigh,10875,212,683,10122,198,635,9638,188,605,8885,174,558,8401,164,527,7648,149,480,7164,140,450,6411,125,405,5766,113,362,5013,98,315,4529,88,284,3024,59,190,2342,46,147,912,18,57,ATK,0.00%,0.00%,6.00%,12.00%,12.00%,18.00%,24.00%
"Traveler (Aether, Dendro)",5,,Dendro,,Sword,2020-09-28,Medium Male,Viator,Player's Choice,,,,Zach Aguilar,Luyin (鹿喑),Horie Shun (堀江瞬),Lee Kyung-tae (이경태),Windwheel Aster,,Damaged Mask,Stained Mask,Ominous Mask,Brilliant Diamond Sliver,Brilliant Diamond Fragment,Brilliant Diamond Chunk,Brilliant Diamond Gemstone,Fungal Spores,Luminescent Pollen,Crystalline Cyst Dust,Teachings of Admonition,Guide to Ingenuity,Guide to Praxis,Guide to Admonition,Guide to Ingenuity,Philosophies of Praxis,Philosophies of Admonition,Philosophies of Ingenuity,Philosophies of Praxis,Mudra of the Malefic General,10875,212,683,10122,198,635,9638,188,605,8885,174,558,8401,164,527,7648,149,480,7164,140,450,6411,125,405,5766,113,362,5013,98,315,4529,88,284,3024,59,190,2342,46,147,912,18,57,ATK,0.00%,0.00%,6.00%,12.00%,12.00%,18.00%,24.00%
"Traveler (Aether, Electro)",5,,Electro,,Sword,2020-09-28,Medium Male,Viator,Player's Choice,,,,Zach Aguilar,Luyin (鹿喑),Horie Shun (堀江瞬),Lee Kyung-tae (이경태),Windwheel Aster,,Damaged Mask,Stained Mask,Ominous Mask,Brilliant Diamond Sliver,Brilliant Diamond Fragment,Brilliant Diamond Chunk,Brilliant Diamond Gemstone,Old Handguard,Kageuchi Handguard,Famed Handguard,Teachings of Transience,Guide to Elegance,Guide to Light,Guide to Transience,Guide to Elegance,Philosophies of Light,Philosophies of Transience,Philosophies of Elegance,Philosophies of Light,Dragon Lord's Crown,10875,212,683,10122,198,635,9638,188,605,8885,174,558,8401,164,527,7648,149,480,7164,140,450,6411,125,405,5766,113,362,5013,98,315,4529,88,284,3024,59,190,2342,46,147,912,18,57,ATK,0.00%,0.00%,6.00%,12.00%,12.00%,18.00%,24.00%
"Traveler (Aether, Geo)",5,,Geo,,Sword,2020-09-28,Medium Male,Viator,Player's Choice,,,,Zach Aguilar,Luyin (鹿喑),Horie Shun (堀江瞬),Lee Kyung-tae (이경태),Windwheel Aster,,Damaged Mask,Stained Mask,Ominous Mask,Brilliant Diamond Sliver,Brilliant Diamond Fragment,Brilliant Diamond Chunk,Brilliant Diamond Gemstone,Divining Scroll,Sealed Scroll,Forbidden Curse Scroll,Teachings of Freedom,Guide to Resistance,Guide to Ballad,Guide to Freedom,Guide to Resistance,Philosophies of Ballad,Philosophies of Freedom,Philosophies of Resistance,Philosophies of Ballad,Dvalin's Sigh,10875,212,683,10122,198,635,9638,188,605,8885,174,558,8401,164,527,7648,149,480,7164,140,450,6411,125,405,5766,113,362,5013,98,315,4529,88,284,3024,59,190,2342,46,147,912,18,57,ATK,0.00%,0.00%,6.00%,12.00%,12.00%,18.00%,24.00%
"Traveler (Aether, Hydro)",5,,Hydro,Pneuma,Sword,2020-09-28,Medium Male,Viator,Player's Choice,,,,Zach Aguilar,Luyin (鹿喑),Horie Shun (堀江瞬),Lee Kyung-tae (이경태),Windwheel Aster,,Damaged Mask,Stained Mask,Ominous Mask,Brilliant Diamond Sliver,Brilliant Diamond Fragment,Brilliant Diamond Chunk,Brilliant Diamond Gemstone,Transoceanic Pearl,Transoceanic Chunk,Xenochromatic Crystal,Teachings of Equity,Guide to Justice,Guide to Order,Guide to Equity,Guide to Justice,Philosophies of Order,Philosophies of Equity,Philosophies of Justice,Philosophies of Order,Worldspan Fern,10875,212,683,10122,198,635,9638,188,605,8885,174,558,8401,164,527,7648,149,480,7164,140,450,6411,125,405,5766,113,362,5013,98,315,4529,88,284,3024,59,190,2342,46,147,912,18,57,ATK,0.00%,0.00%,6.00%,12.00%,12.00%,18.00%,24.00%
"Traveler (Lumine, Anemo)",5,,Anemo,,Sword,2020-09-28,Medium Female,Viatrix,Player's Choice,,,,Sarah Miller-Crews,Yanning (宴宁),Yuuki Aoi (悠木碧),Lee Sae-a (이새아),Windwheel Aster,,Damaged Mask,Stained Mask,Ominous Mask,Brilliant Diamond Sliver,Brilliant Diamond Fragment,Brilliant Diamond Chunk,Brilliant Diamond Gemstone,Divining Scroll,Sealed Scroll,Forbidden Curse Scroll,Teachings of Freedom,Guide to Resistance,Guide to Ballad,Guide to Freedom,Guide to Resistance,Philosophies of Ballad,Philosophies of Freedom,Philosophies of Resistance,Philosophies of Ballad,Dvalin's Sigh,10875,212,683,10122,198,635,9638,188,605,8885,174,558,8401,164,527,7648,149,480,7164,140,450,6411,125,405,5766,113,362,5013,98,315,4529,88,284,3024,59,190,2342,46,147,912,18,57,ATK,0.00%,0.00%,6.00%,12.00%,12.00%,18.00%,24.00%
"Traveler (Lumine, Dendro)",5,,Dendro,,Sword,2020-09-28,Medium Female,Viatrix,Player's Choice,,,,Sarah Miller-Crews,Yanning (宴宁),Yuuki Aoi (悠木碧),Lee Sae-a (이새아),Windwheel Aster,,Damaged Mask,Stained Mask,Ominous Mask,Brilliant Diamond Sliver,Brilliant Diamond Fragment,Brilliant Diamond Chunk,Brilliant Diamond Gemstone,Fungal Spores,Luminescent Pollen,Crystalline Cyst Dust,Teachings of Admonition,Guide to Ingenuity,Guide to Praxis,Guide to Admonition,Guide to Ingenuity,Philosophies of Praxis,Philosophies of Admonition,Philosophies of Ingenuity,Philosophies of Praxis,Mudra of the Malefic General,10875,212,683,10122,198,635,9638,188,605,8885,174,558,8401,164,527,7648,149,480,7164,140,450,6411,125,405,5766,113,362,5013,98,315,4529,88,284,3024,59,190,2342,46,147,912,18,57,ATK,0.00%,0.00%,6.00%,12.00%,12.00%,18.00%,24.00%
"Traveler (Lumine, Electro)",5,,Electro,,Sword,2020-09-28,Medium Female,Viatrix,Player's Choice,,,,Sarah Miller-Crews,Yanning (宴宁),Yuuki Aoi (悠木碧),Lee Sae-a (이새아),Windwheel Aster,,Damaged Mask,Stained Mask,Ominous Mask,Brilliant Diamond Sliver,Brilliant Diamond Fragment,Brilliant Diamond Chunk,Brilliant Diamond Gemstone,Old Handguard,Kageuchi Handguard,Famed Handguard,Teachings of Transience,Guide to Elegance,Guide to Light,Guide to Transience,Guide to Elegance,Philosophies of Light,Philosophies of Transience,Philosophies of Elegance,Philosophies of Light,Dragon Lord's Crown,10875,212,683,10122,198,635,9638,188,605,8885,174,558,8401,164,527,7648,149,480,7164,140,450,6411,125,405,5766,113,362,5013,98,315,4529,88,284,3024,59,190,2342,46,147,912,18,57,ATK,0.00%,0.00%,6.00%,12.00%,12.00%,18.00%,24.00%
"Traveler (Lumine, Geo)",5,,Geo,,Sword,2020-09-28,Medium Female,Viatrix,Player's Choice,,,,Sarah Miller-Crews,Yanning (宴宁),Yuuki Aoi (悠木碧),Lee Sae-a (이새아),Windwheel Aster,,Damaged Mask,Stained Mask,Ominous Mask,Brilliant Diamond Sliver,Brilliant Diamond Fragment,Brilliant Diamond Chunk,Brilliant Diamond Gemstone,Divining Scroll,Sealed Scroll,Forbidden Curse Scroll,Teachings of Freedom,Guide to Resistance,Guide to Ballad,Guide to Freedom,Guide to Resistance,Philosophies of Ballad,Philosophies of Freedom,Philosophies of Resistance,Philosophies of Ballad,Dvalin's Sigh,10875,212,683,10122,198,635,9638,188,605,8885,174,558,8401,164,527,7648,149,480,7164,140,450,6411,125,405,5766,113,362,5013,98,315,4529,88,284,3024,59,190,2342,46,147,912,18,57,ATK,0.00%,0.00%,6.00%,12.00%,12.00%,18.00%,24.00%
"Traveler (Lumine, Hydro)",5,,Hydro,Pneuma,Sword,2020-09-28,Medium Female,Viatrix,Player's Choice,,,,Sarah Miller-Crews,Yanning (宴宁),Yuuki Aoi (悠木碧),Lee Sae-a (이새아),Windwheel Aster,,Damaged Mask,Stained Mask,Ominous Mask,Brilliant Diamond Sliver,Brilliant Diamond Fragment,Brilliant Diamond Chunk,Brilliant Diamond Gemstone,Transoceanic Pearl,Transoceanic Chunk,Xenochromatic Crystal,Teachings of Equity,Guide to Justice,Guide to Order,Guide to Equity,Guide to Justice,Philosophies of Order,Philosophies of Equity,Philosophies of Justice,Philosophies of Order,Worldspan Fern,10875,212,683,10122,198,635,9638,188,605,8885,174,558,8401,164,527,7648,149,480,7164,140,450,6411,125,405,5766,113,362,5013,98,315,4529,88,284,3024,59,190,2342,46,147,912,18,57,ATK,0.00%,0.00%,6.00%,12.00%,12.00%,18.00%,24.00%
Venti,5,Mondstadt,Anemo,,Bow,2020-09-28,Medium Male,Carmen Dei,16-Jun,A Buoyant Breeze,"Mondstadt (on profile), The Seven",TRUE,Erika Harlacher,Miaojiang (喵酱),Ayumu Murase (村瀬歩),Jung Yoo-jung (정유정),Cecilia,Hurricane Seed,Slime Condensate,Slime Secretions,Slime Concentrate,Vayuda Turquoise Sliver,Vayuda Turquoise Fragment,Vayuda Turquoise Chunk,Vayuda Turquoise Gemstone,Slime Condensate,Slime Secretions,Slime Concentrate,Teachings of Ballad,Guide to Ballad,Guide to Ballad,Guide to Ballad,Guide to Ballad,Philosophies of Ballad,Philosophies of Ballad,Philosophies of Ballad,Philosophies of Ballad,Tail of Boreas,10531,263,669,9790,245,622,9292,232,590,8557,214,543,8058,201,512,7331,183,465,6832,171,434,6112,153,388,5446,136,346,4734,118,301,4234,106,269,2830,71,180,2127,53,135,820,20,52,Energy Recharge,0.00%,0.00%,8.00%,16.00%,16.00%,24.00%,32.00%
Wanderer,5,Sumeru,Anemo,,Catalyst,2022-12-07,Medium Male,Peregrinus,03-Jan,Shimi Chazuke,"None (on profile), Vahumana (as Hat Guy)",TRUE,Patrick Pedraza,Luyin (鹿喑),Kakihara Tetsuya (柿原 徹也),Min Seung-woo (민승우),Rukkhashava Mushrooms,Perpetual Caliber,Old Handguard,Kageuchi Handguard,Famed Handguard,Vayuda Turquoise Sliver,Vayuda Turquoise Fragment,Vayuda Turquoise Chunk,Vayuda Turquoise Gemstone,Old Handguard,Kageuchi Handguard,Famed Handguard,Teachings of Praxis,Guide to Praxis,Guide to Praxis,Guide to Praxis,Guide to Praxis,Philosophies of Praxis,Philosophies of Praxis,Philosophies of Praxis,Philosophies of Praxis,Daka's Bell,10164,327,607,9449,304,564,8967,289,535,8258,266,493,7776,250,464,7075,228,422,6593,212,393,5898,190,352,5256,169,313,4568,147,272,4086,131,244,2730,88,163,2052,66,122,791,25,47,CRIT Rate,0.00%,0.00%,4.80%,9.60%,9.60%,14.40%,19.20%
Wriothesley,5,Fontaine,Cryo,Ousia,Catalyst,2023-10-17,Tall Male,Cerberus,23-Nov,Special Sauce BBQ Ribs,Fortress of Meropide,TRUE,Joe Zieja,Liu Beichen (刘北辰),Ono Daisuke (小野大輔),Kwon Chang-wook (권창욱),Subdetection Unit,"""Tourbillon Device""",Meshing Gear,Mechanical Spur Gear,Artificed Dynamic Gear,Shivada Jade Sliver,Shivada Jade Fragment,Shivada Jade Chunk,Shivada Jade Gemstone,Meshing Gear,Mechanical Spur Gear,Artificed Dynamic Gear,Teachings of Order,Guide to Order,Guide to Order,Guide to Order,Guide to Order,Philosophies of Order,Philosophies of Order,Philosophies of Order,Philosophies of Order,Primordial Greenbloom,13592,310,763,12637,289,709,11992,274,673,11044,252,620,10399,237,583,9462,216,531,8817,201,495,7888,180,442,7029,160,394,6109,139,343,5464,125,306,3652,83,205,2744,62,154,1058,24,59,CRIT DMG,0.00%,0.00%,9.60%,19.20%,19.20%,28.80%,38.40%
Xiangling,4,Liyue,Pyro,,Polearm,2020-09-28,Medium Female,Trulla,02-Nov,Wanmin Restaurant's Boiled Fish,"Wanmin Restaurant (on profile), The Crux",FALSE,Jackie Lastra,Xiao N (小N),Ari Ozawa (小澤亜李),Yun A-yeong (윤아영),Jueyun Chili,Everflame Seed,Slime Condensate,Slime Secretions,Slime Concentrate,Agnidus Agate Sliver, Agnidus Agate Fragment,Agnidus Agate Chunk,Agnidus Agate Gemstone,Slime Condensate,Slime Secretions,Slime Concentrate,Teachings of Diligence,Guide to Diligence,Guide to Diligence,Guide to Diligence,Guide to Diligence,Philosophies of Diligence,Philosophies of Diligence,Philosophies of Diligence,Philosophies of Diligence,Dvalin's Claw,10875,225,669,10122,210,623,9638,200,593,8885,184,546,8401,174,517,7648,158,470,7164,148,441,6411,133,394,5766,119,355,5013,104,308,4529,94,279,3024,63,186,2342,48,144,912,19,56,Elemental Mastery,0,0,24,48,48,72,96
Xianyun,5,Liyue,Anemo,,Catalyst,2024-01-31,Tall Female,Grus Serena,11-Apr,Encompassing Gladness,"Mt. Aocang (on profile), Adepti",TRUE,Stephanie Panisello,Qin Ziyi (秦紫翼),Nakatomi Mana (中臣 真菜),Kang Si-hyeon (강시현),Clearwater Jade,Cloudseam Scale,Divining Scroll,Sealed Scroll,Forbidden Curse Scroll,Vayuda Turquoise Sliver,Vayuda Turquoise Fragment,Vayuda Turquoise Chunk,Vayuda Turquoise Gemstone,Divining Scroll,Sealed Scroll,Forbidden Curse Scroll,Teachings of Gold,Guide to Gold,Guide to Gold,Guide to Gold,Guide to Gold,Philosophies of Gold,Philosophies of Gold,Philosophies of Gold,Philosophies of Gold,Lightless Eye of the Maelstrom,10409,335,573,9677,311,532,9184,295,505,8458,272,465,7964,256,438,7246,233,399,6752,217,371,6041,194,332,5383,173,296,4678,150,257,4185,135,230,2797,90,154,2102,68,116,810,26,45,ATK,0.00%,0.00%,7.20%,14.40%,14.40%,21.60%,28.80%
Xiao,5,Liyue,Anemo,,Polearm,2021-02-03,Medium Male,Alatus Nemeseos,17-Apr,"""Sweet Dream""","Liyue Adeptus (on profile), Yakshas",TRUE,Laila Berzins,kinsen,Yoshitsugu Matsuoka (松岡禎丞),Sim Kyu-hyuk (심규혁),Qingxin,Juvenile Jade,Slime Condensate,Slime Secretions,Slime Concentrate,Vayuda Turquoise Sliver,Vayuda Turquoise Fragment,Vayuda Turquoise Chunk,Vayuda Turquoise Gemstone,Slime Condensate,Slime Secretions,Slime Concentrate,Teachings of Prosperity,Guide to Prosperity,Guide to Prosperity,Guide to Prosperity,Guide to Prosperity,Philosophies of Prosperity,Philosophies of Prosperity,Philosophies of Prosperity,Philosophies of Prosperity,Shadow of the Warrior,12736,349,799,11840,325,743,11236,308,705,10348,284,649,9744,267,612,8866,243,556,8262,227,519,7391,203,464,6586,181,413,5724,157,359,5120,141,321,3422,94,215,2572,71,161,991,27,62,CRIT Rate,0.00%,0.00%,4.80%,9.60%,9.60%,14.40%,19.20%
Xingqiu,4,Liyue,Hydro,,Sword,2020-09-28,Medium Male,Fabulae Textile,09-Oct,All-Delicacy Parcels,"Feiyun Commerce Guild (on profile), Guhua Clan, Yae Publishing House (as Zhenyu)",FALSE,Cristina Vee Valenzuela,Yajing Tang (唐雅菁),Junko Minagawa (皆川純子),Gwak Gyu-mi (곽규미),Silk Flower,Cleansing Heart,Damaged Mask,Stained Mask,Ominous Mask,Varunada Lazurite Sliver,Varunada Lazurite Fragment,Varunada Lazurite Chunk,Varunada Lazurite Gemstone,Damaged Mask,Stained Mask,Ominous Mask,Teachings of Gold,Guide to Gold,Guide to Gold,Guide to Gold,Guide to Gold,Philosophies of Gold,Philosophies of Gold,Philosophies of Gold,Philosophies of Gold,Tail of Boreas,10223,202,758,9515,188,705,9060,179,671,8352,165,619,7897,156,585,7190,142,533,6735,133,499,6027,119,447,5420,107,402,4712,93,349,4257,84,316,2842,56,211,2202,43,163,857,17,64,ATK,0.00%,0.00%,6.00%,12.00%,12.00%,18.00%,24.00%
Xinyan,4,Liyue,Pyro,,Claymore,2020-12-01,Medium Female,Fila Ignium,16-Oct,Rockin' Riffin' Chicken!,"""The Red Strings""",FALSE,Laura Stahl,Yaxin Wang (王雅欣),Chiaki Takahashi (たかはし智秋),Kim Chae-ha (김채하),Violetgrass,Everflame Seed,Treasure Hoarder Insignia,Silver Raven Insignia,Golden Raven Insignia,Agnidus Agate Sliver, Agnidus Agate Fragment,Agnidus Agate Chunk,Agnidus Agate Gemstone,Treasure Hoarder Insignia,Silver Raven Insignia,Golden Raven Insignia,Teachings of Gold,Guide to Gold,Guide to Gold,Guide to Gold,Guide to Gold,Philosophies of Gold,Philosophies of Gold,Philosophies of Gold,Philosophies of Gold,Tusk of Monoceros Caeli,11201,249,799,10425,231,743,9927,220,708,9151,203,652,8653,192,617,7878,175,562,7379,164,526,6604,147,471,5939,132,423,5163,115,368,4665,103,333,3114,69,222,2413,54,172,939,21,67,ATK,0.00%,0.00%,6.00%,12.00%,12.00%,18.00%,24.00%
Yae Miko,5,Inazuma,Electro,,Catalyst,2022-02-16,Tall Female,Divina Vulpes,27-Jun,Fukuuchi Udon,"Grand Narukami Shrine (on profile), Yae Publishing House",TRUE,Ratana,Mingya Du (杜冥鸦),Ayane Sakura (佐倉綾音),Moon Yoo-jeong (문유정),Sea Ganoderma,Dragonheir's False Fin,Old Handguard,Kageuchi Handguard,Famed Handguard,Vajrada Amethyst Sliver,Vajrada Amethyst Fragment,Vajrada Amethyst Chunk,Vajrada Amethyst Gemstone,Old Handguard,Kageuchi Handguard,Famed Handguard,Teachings of Light,Guide to Light,Guide to Light,Guide to Light,Guide to Light,Philosophies of Light,Philosophies of Light,Philosophies of Light,Philosophies of Light,The Meaning of Aeons,10372,340,569,9643,316,529,9151,300,502,8428,276,462,7936,260,435,7220,236,396,6729,220,369,6020,197,330,5364,176,294,4662,153,256,4170,137,229,2787,91,153,2065,69,115,807,26,44,CRIT Rate,0.00%,0.00%,4.80%,9.60%,9.60%,14.40%,19.20%
Yanfei,4,Liyue,Pyro,,Catalyst,2021-04-28,Medium Female,Bestia Iustitia,28-Jul,"""My Way""","Yanfei Legal Consultancy (on profile), Adepti",FALSE,Lizzie Freeman,Ziwu Su (苏子芜),Yumiri Hanamori (花守 ゆみり),Cho Kyung-yi (조경이),Noctilucous Jade,Juvenile Jade,Treasure Hoarder Insignia,Silver Raven Insignia,Golden Raven Insignia,Agnidus Agate Sliver, Agnidus Agate Fragment,Agnidus Agate Chunk,Agnidus Agate Gemstone,Treasure Hoarder Insignia,Silver Raven Insignia,Golden Raven Insignia,Teachings of Gold,Guide to Gold,Guide to Gold,Guide to Gold,Guide to Gold,Philosophies of Gold,Philosophies of Gold,Philosophies of Gold,Philosophies of Gold,Bloodjade Branch,9352,240,587,8705,223,546,8289,213,520,7641,196,480,7225,185,453,6578,169,413,6161,158,387,5514,141,346,4959,127,311,4311,111,271,3895,100,244,2600,67,163,2014,52,126,784,20,49,Pyro DMG Bonus,0.00%,0.00%,6.00%,12.00%,12.00%,18.00%,24.00%
Yaoyao,4,Liyue,Dendro,,Polearm,2023-01-18,Short Female,Osmanthus,06-Mar,Qingce Household Dish,"Streetward Rambler's Abode (on profile), Adepti (disciple)",FALSE,Kelsey Jaffer,Liu Yinuo (刘颐诺),Kadowaki Mai (門脇舞以),Yu Hye-ji (유혜지),Jueyun Chili,Quelled Creeper,Slime Condensate,Slime Secretions,Slime Concentrate,Nagadus Emerald Sliver,Nagadus Emerald Fragment,Nagadus Emerald Chunk,Nagadus Emerald Gemstone,Slime Condensate,Slime Secretions,Slime Concentrate,Teachings of Diligence,Guide to Diligence,Guide to Diligence,Guide to Diligence,Guide to Diligence,Philosophies of Diligence,Philosophies of Diligence,Philosophies of Diligence,Philosophies of Diligence,Daka's Bell,12288,212,750,11437,197,698,10890,188,665,10039,173,613,9492,164,579,8642,149,528,8095,139,494,7244,125,442,6515,112,398,5664,97,346,5117,88,312,3416,59,208,2646,45,161,1030,17,62,HP,0.00%,0.00%,6.00%,12.00%,12.00%,18.00%,24.00%
Yelan,5,Liyue,Hydro,,Bow,2022-05-31,Tall Female,Umbrabilis Orchis,20-Apr,Dew-Dipped Shrimp,"Yanshang Teahouse (on profile), Ministry of Civil Affairs",TRUE,Laura Post,Xu Hui (徐慧),Endou Aya (遠藤 綾),Min-a (민아),Starconch,Runic Fang,Recruit's Insignia,Sergeant's Insignia,Lieutenant's Insignia,Varunada Lazurite Sliver,Varunada Lazurite Fragment,Varunada Lazurite Chunk,Varunada Lazurite Gemstone,Recruit's Insignia,Sergeant's Insignia,Lieutenant's Insignia,Teachings of Prosperity,Guide to Prosperity,Guide to Prosperity,Guide to Prosperity,Guide to Prosperity,Philosophies of Prosperity,Philosophies of Prosperity,Philosophies of Prosperity,Philosophies of Prosperity,Gilded Scale,14450,244,548,13434,227,509,12749,215,483,11741,198,445,11056,187,419,10059,170,381,9374,158,355,8386,142,318,7472,126,283,6495,110,246,5810,98,220,3883,66,147,2918,49,111,1125,19,43,CRIT Rate,0.00%,0.00%,4.80%,9.60%,9.60%,14.40%,19.20%
Yoimiya,5,Inazuma,Pyro,,Bow,2021-08-10,Medium Female,Carassius Auratus,21-Jun,Summer Festival Fish,Naganohara Fireworks,TRUE,Jenny Yokobori,Na Jin (金娜),Kana Ueda (植田佳奈),Bak Sin-hee (박신희),Naku Weed,Smoldering Pearl,Divining Scroll,Sealed Scroll,Forbidden Curse Scroll,Agnidus Agate Sliver, Agnidus Agate Fragment,Agnidus Agate Chunk,Agnidus Agate Gemstone,Divining Scroll,Sealed Scroll,Forbidden Curse Scroll,Teachings of Transience,Guide to Transience,Guide to Transience,Guide to Transience,Guide to Transience,Philosophies of Transience,Philosophies of Transience,Philosophies of Transience,Philosophies of Transience,Dragon Lord's Crown,10164,323,615,9450,300,572,8968,285,542,8259,262,500,7777,247,470,7075,225,428,6593,209,399,6899,187,357,5256,167,318,4568,145,276,4086,130,318,2731,87,165,2053,65,124,791,25,48,CRIT Rate,0.00%,0.00%,4.80%,9.60%,9.60%,14.40%,19.20%
Yun Jin,4,Liyue,Geo,,Polearm,2022-01-05,Medium Female,Opera Grandis,21-May,Cloud-Shrouded Jade,"Yun-Han Opera Troupe (on profile), Heyu Tea House, Yun Family",FALSE,"Judy Alice Lee, Yang Yang (杨扬)","Wenxiao He (贺文潇), Yang Yang (杨扬)","Koiwai Kotori (小岩井ことり), Yang Yang (杨扬)","Sa Mun-yeong (사문영), Yang Yang (杨扬)",Glaze Lily,Riftborn Regalia,Damaged Mask,Stained Mask,Ominous Mask,Prithiva Topaz Sliver,Prithiva Topaz Fragment,Prithiva Topaz Chunk,Prithiva Topaz Gemstone,Damaged Mask,Stained Mask,Ominous Mask,Teachings of Diligence,Guide to Diligence,Guide to Diligence,Guide to Diligence,Guide to Diligence,Philosophies of Diligence,Philosophies of Diligence,Philosophies of Diligence,Philosophies of Diligence,Ashen Heart,10657,191,734,9919,178,684,9445,169,651,8707,156,600,8233,148,567,7495,134,517,7021,126,484,6283,113,433,5651,101,389,4913,88,339,4438,80,306,2963,53,204,2296,41,156,894,16,62,Energy Recharge,0.00%,0.00%,6.70%,13.30%,13.30%,20.00%,26.70%
Zhongli,5,Liyue,Geo,,Polearm,2020-12-01,Tall Male,Lapis Dei,31-Dec,Slow-Cooked Bamboo Shoot Soup,"Liyue Harbor (on profile), Wangsheng Funeral Parlor, The Seven, Adepti",TRUE,Keith Silverstein,Bo Peng (彭博),Tomoaki Maeno (前野智昭),Pyo Yeong-jae (표영재),Cor Lapis,Basalt Pillar,Slime Condensate,Slime Secretions,Slime Concentrate,Prithiva Topaz Sliver,Prithiva Topaz Fragment,Prithiva Topaz Chunk,Prithiva Topaz Gemstone,Slime Condensate,Slime Secretions,Slime Concentrate,Teachings of Gold,Guide to Gold,Guide to Gold,Guide to Gold,Guide to Gold,Philosophies of Gold,Philosophies of Gold,Philosophies of Gold,Philosophies of Gold,Tusk of Monoceros Caeli,14695,251,738,13662,233,686,12965,222,651,11940,204,599,11243,192,564,10230,175,514,9533,163,479,8528,146,428,7599,130,382,6605,113,332,5908,101,297,3948,67,198,2967,51,149,1144,20,57,Geo DMG Bonus,0.00%,0.00%,7.20%,14.40%,14.40%,21.60%,28.80%
